Sample name	Output directory	Input files	O antigen prediction	H1 antigen prediction(fliC)	H2 antigen prediction(fljB)	Predicted identification	Predicted antigenic profile	Predicted serotype	Note
SRR10298819_novel-alleles.fasta	/storage/group/evk5387/default/sophia_kenney/dogsalmonella/2.0-sero/seqsero/SRR10298819_novel-alleles.fasta_seqsero	SRR10298819_novel-alleles.fasta	-	-	-	-	-:-:-	- -:-:-	The input genome cannot be identified as Salmonella. Check the input for taxonomic ID, contamination, or sequencing quality. 
Sample name	Output directory	Input files	O antigen prediction	H1 antigen prediction(fliC)	H2 antigen prediction(fljB)	Predicted identification	Predicted antigenic profile	Predicted serotype	Note
SRR10298819	/storage/group/evk5387/default/sophia_kenney/dogsalmonella/2.0-sero/seqsero/SRR10298819_seqsero	SRR10298819_assembly.fasta	9	g,m	-	Salmonella enterica subspecies enterica (subspecies I)	9:g,m:-	Enteritidis	Detected Sdf I that is characteristic of commonly circulating strains of serotype Enteritidis. 
Sample name	Output directory	Input files	O antigen prediction	H1 antigen prediction(fliC)	H2 antigen prediction(fljB)	Predicted identification	Predicted antigenic profile	Predicted serotype	Note
SRR10512520_novel-alleles.fasta	/storage/group/evk5387/default/sophia_kenney/dogsalmonella/2.0-sero/seqsero/SRR10512520_novel-alleles.fasta_seqsero	SRR10512520_novel-alleles.fasta	-	-	-	-	-:-:-	- -:-:-	The input genome cannot be identified as Salmonella. Check the input for taxonomic ID, contamination, or sequencing quality. 
Sample name	Output directory	Input files	O antigen prediction	H1 antigen prediction(fliC)	H2 antigen prediction(fljB)	Predicted identification	Predicted antigenic profile	Predicted serotype	Note
SRR10512520	/storage/group/evk5387/default/sophia_kenney/dogsalmonella/2.0-sero/seqsero/SRR10512520_seqsero	SRR10512520_assembly.fasta	7	y	e,n,x	Salmonella enterica subspecies enterica (subspecies I)	7:y:e,n,x	Hartford	
Sample name	Output directory	Input files	O antigen prediction	H1 antigen prediction(fliC)	H2 antigen prediction(fljB)	Predicted identification	Predicted antigenic profile	Predicted serotype	Note
SRR10963169_novel-alleles.fasta	/storage/group/evk5387/default/sophia_kenney/dogsalmonella/2.0-sero/seqsero/SRR10963169_novel-alleles.fasta_seqsero	SRR10963169_novel-alleles.fasta	-	-	-	-	-:-:-	- -:-:-	The input genome cannot be identified as Salmonella. Check the input for taxonomic ID, contamination, or sequencing quality. 
Sample name	Output directory	Input files	O antigen prediction	H1 antigen prediction(fliC)	H2 antigen prediction(fljB)	Predicted identification	Predicted antigenic profile	Predicted serotype	Note
SRR10963169	/storage/group/evk5387/default/sophia_kenney/dogsalmonella/2.0-sero/seqsero/SRR10963169_seqsero	SRR10963169_assembly.fasta	7	e,h	1,6	Salmonella enterica subspecies enterica (subspecies I)	7:e,h:1,6	Norwich	
Sample name	Output directory	Input files	O antigen prediction	H1 antigen prediction(fliC)	H2 antigen prediction(fljB)	Predicted identification	Predicted antigenic profile	Predicted serotype	Note
SRR10995705_novel-alleles.fasta	/storage/group/evk5387/default/sophia_kenney/dogsalmonella/2.0-sero/seqsero/SRR10995705_novel-alleles.fasta_seqsero	SRR10995705_novel-alleles.fasta	-	-	-	-	-:-:-	- -:-:-	The input genome cannot be identified as Salmonella. Check the input for taxonomic ID, contamination, or sequencing quality. 
Sample name	Output directory	Input files	O antigen prediction	H1 antigen prediction(fliC)	H2 antigen prediction(fljB)	Predicted identification	Predicted antigenic profile	Predicted serotype	Note
SRR10995705	/storage/group/evk5387/default/sophia_kenney/dogsalmonella/2.0-sero/seqsero/SRR10995705_seqsero	SRR10995705_assembly.fasta	-	z4,z32	-	Salmonella enterica subspecies houtenae (subspecies IV)	-:z4,z32:-	IV -:z4,z32:-	O antigen was not detected. This result may be due to a rough strain that has deleted the rfb region. For raw reads input, the k-mer workflow is sometimes more sensitive than the microassembly workflow in detecting O antigen. Caution should be used with this approach because the k-mer result may be due to low levels of contamination. 
Sample name	Output directory	Input files	O antigen prediction	H1 antigen prediction(fliC)	H2 antigen prediction(fljB)	Predicted identification	Predicted antigenic profile	Predicted serotype	Note
SRR10995706_novel-alleles.fasta	/storage/group/evk5387/default/sophia_kenney/dogsalmonella/2.0-sero/seqsero/SRR10995706_novel-alleles.fasta_seqsero	SRR10995706_novel-alleles.fasta	-	-	-	-	-:-:-	- -:-:-	The input genome cannot be identified as Salmonella. Check the input for taxonomic ID, contamination, or sequencing quality. 
Sample name	Output directory	Input files	O antigen prediction	H1 antigen prediction(fliC)	H2 antigen prediction(fljB)	Predicted identification	Predicted antigenic profile	Predicted serotype	Note
SRR10995706	/storage/group/evk5387/default/sophia_kenney/dogsalmonella/2.0-sero/seqsero/SRR10995706_seqsero	SRR10995706_assembly.fasta	43	z4,z32	-	Salmonella enterica subspecies houtenae (subspecies IV)	43:z4,z32:-	IV 43:z4,z32:-	
Sample name	Output directory	Input files	O antigen prediction	H1 antigen prediction(fliC)	H2 antigen prediction(fljB)	Predicted identification	Predicted antigenic profile	Predicted serotype	Note
SRR11068400_novel-alleles.fasta	/storage/group/evk5387/default/sophia_kenney/dogsalmonella/2.0-sero/seqsero/SRR11068400_novel-alleles.fasta_seqsero	SRR11068400_novel-alleles.fasta	-	-	-	-	-:-:-	- -:-:-	The input genome cannot be identified as Salmonella. Check the input for taxonomic ID, contamination, or sequencing quality. 
Sample name	Output directory	Input files	O antigen prediction	H1 antigen prediction(fliC)	H2 antigen prediction(fljB)	Predicted identification	Predicted antigenic profile	Predicted serotype	Note
SRR11068400	/storage/group/evk5387/default/sophia_kenney/dogsalmonella/2.0-sero/seqsero/SRR11068400_seqsero	SRR11068400_assembly.fasta	4	d	-	Salmonella enterica subspecies enterica (subspecies I)	4:d:-	I 4:d:-	This predicted serotype is not in the Kauffman-White scheme. 
Sample name	Output directory	Input files	O antigen prediction	H1 antigen prediction(fliC)	H2 antigen prediction(fljB)	Predicted identification	Predicted antigenic profile	Predicted serotype	Note
SRR11068401_novel-alleles.fasta	/storage/group/evk5387/default/sophia_kenney/dogsalmonella/2.0-sero/seqsero/SRR11068401_novel-alleles.fasta_seqsero	SRR11068401_novel-alleles.fasta	-	-	-	-	-:-:-	- -:-:-	The input genome cannot be identified as Salmonella. Check the input for taxonomic ID, contamination, or sequencing quality. 
Sample name	Output directory	Input files	O antigen prediction	H1 antigen prediction(fliC)	H2 antigen prediction(fljB)	Predicted identification	Predicted antigenic profile	Predicted serotype	Note
SRR11068401	/storage/group/evk5387/default/sophia_kenney/dogsalmonella/2.0-sero/seqsero/SRR11068401_seqsero	SRR11068401_assembly.fasta	9	l,z28	l,z13,z28	Salmonella enterica subspecies enterica (subspecies I)	9:l,z28:l,z13,z28	I 9:l,z28:l,z13,z28	This predicted serotype is not in the Kauffman-White scheme. 
Sample name	Output directory	Input files	O antigen prediction	H1 antigen prediction(fliC)	H2 antigen prediction(fljB)	Predicted identification	Predicted antigenic profile	Predicted serotype	Note
SRR11319451	/storage/group/evk5387/default/sophia_kenney/dogsalmonella/2.0-sero/seqsero/SRR11319451_seqsero	SRR11319451_assembly.fasta	8	e,h	1,2	Salmonella enterica subspecies enterica (subspecies I)	8:e,h:1,2	Newport	
Sample name	Output directory	Input files	O antigen prediction	H1 antigen prediction(fliC)	H2 antigen prediction(fljB)	Predicted identification	Predicted antigenic profile	Predicted serotype	Note
SRR11319452	/storage/group/evk5387/default/sophia_kenney/dogsalmonella/2.0-sero/seqsero/SRR11319452_seqsero	SRR11319452_assembly.fasta	-	z4,z32	-	Salmonella enterica subspecies houtenae (subspecies IV)	-:z4,z32:-	IV -:z4,z32:-	O antigen was not detected. This result may be due to a rough strain that has deleted the rfb region. For raw reads input, the k-mer workflow is sometimes more sensitive than the microassembly workflow in detecting O antigen. Caution should be used with this approach because the k-mer result may be due to low levels of contamination. 
Sample name	Output directory	Input files	O antigen prediction	H1 antigen prediction(fliC)	H2 antigen prediction(fljB)	Predicted identification	Predicted antigenic profile	Predicted serotype	Note
SRR12271055	/storage/group/evk5387/default/sophia_kenney/dogsalmonella/2.0-sero/seqsero/SRR12271055_seqsero	SRR12271055_assembly.fasta	4	d	1,7	Salmonella enterica subspecies enterica (subspecies I)	4:d:1,7	Schwarzengrund	
Sample name	Output directory	Input files	O antigen prediction	H1 antigen prediction(fliC)	H2 antigen prediction(fljB)	Predicted identification	Predicted antigenic profile	Predicted serotype	Note
SRR12641661	/storage/group/evk5387/default/sophia_kenney/dogsalmonella/2.0-sero/seqsero/SRR12641661_seqsero	SRR12641661_assembly.fasta	9	g,m	-	Salmonella enterica subspecies enterica (subspecies I)	9:g,m:-	Enteritidis	Detected Sdf I that is characteristic of commonly circulating strains of serotype Enteritidis. 
Sample name	Output directory	Input files	O antigen prediction	H1 antigen prediction(fliC)	H2 antigen prediction(fljB)	Predicted identification	Predicted antigenic profile	Predicted serotype	Note
SRR12739110	/storage/group/evk5387/default/sophia_kenney/dogsalmonella/2.0-sero/seqsero/SRR12739110_seqsero	SRR12739110_assembly.fasta	3,10	e,h	1,6	Salmonella enterica subspecies enterica (subspecies I)	3,10:e,h:1,6	Anatum	
Sample name	Output directory	Input files	O antigen prediction	H1 antigen prediction(fliC)	H2 antigen prediction(fljB)	Predicted identification	Predicted antigenic profile	Predicted serotype	Note
SRR13510233	/storage/group/evk5387/default/sophia_kenney/dogsalmonella/2.0-sero/seqsero/SRR13510233_seqsero	SRR13510233_assembly.fasta	38	k	1,6	Salmonella enterica subspecies enterica (subspecies I)	38:k:1,6	Inverness	
Sample name	Output directory	Input files	O antigen prediction	H1 antigen prediction(fliC)	H2 antigen prediction(fljB)	Predicted identification	Predicted antigenic profile	Predicted serotype	Note
SRR13827088	/storage/group/evk5387/default/sophia_kenney/dogsalmonella/2.0-sero/seqsero/SRR13827088_seqsero	SRR13827088_assembly.fasta	4	i	1,2	Salmonella enterica subspecies enterica (subspecies I)	4:i:1,2	Typhimurium	
Sample name	Output directory	Input files	O antigen prediction	H1 antigen prediction(fliC)	H2 antigen prediction(fljB)	Predicted identification	Predicted antigenic profile	Predicted serotype	Note
SRR13827091	/storage/group/evk5387/default/sophia_kenney/dogsalmonella/2.0-sero/seqsero/SRR13827091_seqsero	SRR13827091_assembly.fasta	3,10	e,h	1,6	Salmonella enterica subspecies enterica (subspecies I)	3,10:e,h:1,6	Anatum	
Sample name	Output directory	Input files	O antigen prediction	H1 antigen prediction(fliC)	H2 antigen prediction(fljB)	Predicted identification	Predicted antigenic profile	Predicted serotype	Note
SRR13827092	/storage/group/evk5387/default/sophia_kenney/dogsalmonella/2.0-sero/seqsero/SRR13827092_seqsero	SRR13827092_assembly.fasta	8	e,h	1,2	Salmonella enterica subspecies enterica (subspecies I)	8:e,h:1,2	Newport	
Sample name	Output directory	Input files	O antigen prediction	H1 antigen prediction(fliC)	H2 antigen prediction(fljB)	Predicted identification	Predicted antigenic profile	Predicted serotype	Note
SRR14095472	/storage/group/evk5387/default/sophia_kenney/dogsalmonella/2.0-sero/seqsero/SRR14095472_seqsero	SRR14095472_assembly.fasta	4	i	1,2	Salmonella enterica subspecies enterica (subspecies I)	4:i:1,2	Typhimurium	
Sample name	Output directory	Input files	O antigen prediction	H1 antigen prediction(fliC)	H2 antigen prediction(fljB)	Predicted identification	Predicted antigenic profile	Predicted serotype	Note
SRR14466819	/storage/group/evk5387/default/sophia_kenney/dogsalmonella/2.0-sero/seqsero/SRR14466819_seqsero	SRR14466819_assembly.fasta	7	y	e,n,x	Salmonella enterica subspecies enterica (subspecies I)	7:y:e,n,x	Hartford	
Sample name	Output directory	Input files	O antigen prediction	H1 antigen prediction(fliC)	H2 antigen prediction(fljB)	Predicted identification	Predicted antigenic profile	Predicted serotype	Note
SRR14704455	/storage/group/evk5387/default/sophia_kenney/dogsalmonella/2.0-sero/seqsero/SRR14704455_seqsero	SRR14704455_assembly.fasta	9	g,m	-	Salmonella enterica subspecies enterica (subspecies I)	9:g,m:-	Enteritidis	Detected Sdf I that is characteristic of commonly circulating strains of serotype Enteritidis. 
Sample name	Output directory	Input files	O antigen prediction	H1 antigen prediction(fliC)	H2 antigen prediction(fljB)	Predicted identification	Predicted antigenic profile	Predicted serotype	Note
SRR15050789	/storage/group/evk5387/default/sophia_kenney/dogsalmonella/2.0-sero/seqsero/SRR15050789_seqsero	SRR15050789_assembly.fasta	8	e,h	1,2	Salmonella enterica subspecies enterica (subspecies I)	8:e,h:1,2	Newport	
Sample name	Output directory	Input files	O antigen prediction	H1 antigen prediction(fliC)	H2 antigen prediction(fljB)	Predicted identification	Predicted antigenic profile	Predicted serotype	Note
SRR15050790	/storage/group/evk5387/default/sophia_kenney/dogsalmonella/2.0-sero/seqsero/SRR15050790_seqsero	SRR15050790_assembly.fasta	4	i	-	Salmonella enterica subspecies enterica (subspecies I)	4:i:-	I 4,[5],12:i:-	
Sample name	Output directory	Input files	O antigen prediction	H1 antigen prediction(fliC)	H2 antigen prediction(fljB)	Predicted identification	Predicted antigenic profile	Predicted serotype	Note
SRR15050791	/storage/group/evk5387/default/sophia_kenney/dogsalmonella/2.0-sero/seqsero/SRR15050791_seqsero	SRR15050791_assembly.fasta	3,10	e,h	1,6	Salmonella enterica subspecies enterica (subspecies I)	3,10:e,h:1,6	Anatum	
Sample name	Output directory	Input files	O antigen prediction	H1 antigen prediction(fliC)	H2 antigen prediction(fljB)	Predicted identification	Predicted antigenic profile	Predicted serotype	Note
SRR15103296	/storage/group/evk5387/default/sophia_kenney/dogsalmonella/2.0-sero/seqsero/SRR15103296_seqsero	SRR15103296_assembly.fasta	7	r	1,5	Salmonella enterica subspecies enterica (subspecies I)	7:r:1,5	Infantis	
Sample name	Output directory	Input files	O antigen prediction	H1 antigen prediction(fliC)	H2 antigen prediction(fljB)	Predicted identification	Predicted antigenic profile	Predicted serotype	Note
SRR15146556	/storage/group/evk5387/default/sophia_kenney/dogsalmonella/2.0-sero/seqsero/SRR15146556_seqsero	SRR15146556_assembly.fasta	13	g,m	-	Salmonella enterica subspecies enterica (subspecies I)	13:g,m:-	Agbeni	
Sample name	Output directory	Input files	O antigen prediction	H1 antigen prediction(fliC)	H2 antigen prediction(fljB)	Predicted identification	Predicted antigenic profile	Predicted serotype	Note
SRR15277966	/storage/group/evk5387/default/sophia_kenney/dogsalmonella/2.0-sero/seqsero/SRR15277966_seqsero	SRR15277966_assembly.fasta	7	r	1,5	Salmonella enterica subspecies enterica (subspecies I)	7:r:1,5	Infantis	
Sample name	Output directory	Input files	O antigen prediction	H1 antigen prediction(fliC)	H2 antigen prediction(fljB)	Predicted identification	Predicted antigenic profile	Predicted serotype	Note
SRR15712211	/storage/group/evk5387/default/sophia_kenney/dogsalmonella/2.0-sero/seqsero/SRR15712211_seqsero	SRR15712211_assembly.fasta	8	e,h	1,2	Salmonella enterica subspecies enterica (subspecies I)	8:e,h:1,2	Newport	
Sample name	Output directory	Input files	O antigen prediction	H1 antigen prediction(fliC)	H2 antigen prediction(fljB)	Predicted identification	Predicted antigenic profile	Predicted serotype	Note
SRR16005866	/storage/group/evk5387/default/sophia_kenney/dogsalmonella/2.0-sero/seqsero/SRR16005866_seqsero	SRR16005866_assembly.fasta	7	r	1,5	Salmonella enterica subspecies enterica (subspecies I)	7:r:1,5	Infantis	
Sample name	Output directory	Input files	O antigen prediction	H1 antigen prediction(fliC)	H2 antigen prediction(fljB)	Predicted identification	Predicted antigenic profile	Predicted serotype	Note
SRR16005867	/storage/group/evk5387/default/sophia_kenney/dogsalmonella/2.0-sero/seqsero/SRR16005867_seqsero	SRR16005867_assembly.fasta	8	e,h	1,2	Salmonella enterica subspecies enterica (subspecies I)	8:e,h:1,2	Newport	
Sample name	Output directory	Input files	O antigen prediction	H1 antigen prediction(fliC)	H2 antigen prediction(fljB)	Predicted identification	Predicted antigenic profile	Predicted serotype	Note
SRR16005869	/storage/group/evk5387/default/sophia_kenney/dogsalmonella/2.0-sero/seqsero/SRR16005869_seqsero	SRR16005869_assembly.fasta	8	d	1,2	Salmonella enterica subspecies enterica (subspecies I)	8:d:1,2	Muenchen	
Sample name	Output directory	Input files	O antigen prediction	H1 antigen prediction(fliC)	H2 antigen prediction(fljB)	Predicted identification	Predicted antigenic profile	Predicted serotype	Note
SRR16005870	/storage/group/evk5387/default/sophia_kenney/dogsalmonella/2.0-sero/seqsero/SRR16005870_seqsero	SRR16005870_assembly.fasta	-	r	1,5	Salmonella enterica subspecies enterica (subspecies I)	-:r:1,5	I -:r:1,5	O antigen was not detected. This result may be due to a rough strain that has deleted the rfb region. For raw reads input, the k-mer workflow is sometimes more sensitive than the microassembly workflow in detecting O antigen. Caution should be used with this approach because the k-mer result may be due to low levels of contamination. 
Sample name	Output directory	Input files	O antigen prediction	H1 antigen prediction(fliC)	H2 antigen prediction(fljB)	Predicted identification	Predicted antigenic profile	Predicted serotype	Note
SRR16506860	/storage/group/evk5387/default/sophia_kenney/dogsalmonella/2.0-sero/seqsero/SRR16506860_seqsero	SRR16506860_assembly.fasta	3,10	e,h	1,6	Salmonella enterica subspecies enterica (subspecies I)	3,10:e,h:1,6	Anatum	
Sample name	Output directory	Input files	O antigen prediction	H1 antigen prediction(fliC)	H2 antigen prediction(fljB)	Predicted identification	Predicted antigenic profile	Predicted serotype	Note
SRR16965273	/storage/group/evk5387/default/sophia_kenney/dogsalmonella/2.0-sero/seqsero/SRR16965273_seqsero	SRR16965273_assembly.fasta	48	g,z51	-	Salmonella enterica subspecies houtenae (subspecies IV)	48:g,z51:-	IV 48:g,z51:-	
Sample name	Output directory	Input files	O antigen prediction	H1 antigen prediction(fliC)	H2 antigen prediction(fljB)	Predicted identification	Predicted antigenic profile	Predicted serotype	Note
SRR17115413	/storage/group/evk5387/default/sophia_kenney/dogsalmonella/2.0-sero/seqsero/SRR17115413_seqsero	SRR17115413_assembly.fasta	9	g,p	-	Salmonella enterica subspecies enterica (subspecies I)	9:g,p:-	Dublin	
Sample name	Output directory	Input files	O antigen prediction	H1 antigen prediction(fliC)	H2 antigen prediction(fljB)	Predicted identification	Predicted antigenic profile	Predicted serotype	Note
SRR17230658	/storage/group/evk5387/default/sophia_kenney/dogsalmonella/2.0-sero/seqsero/SRR17230658_seqsero	SRR17230658_assembly.fasta	7	m,t	-	Salmonella enterica subspecies enterica (subspecies I)	7:m,t:-	Oranienburg	
Sample name	Output directory	Input files	O antigen prediction	H1 antigen prediction(fliC)	H2 antigen prediction(fljB)	Predicted identification	Predicted antigenic profile	Predicted serotype	Note
SRR17468272	/storage/group/evk5387/default/sophia_kenney/dogsalmonella/2.0-sero/seqsero/SRR17468272_seqsero	SRR17468272_assembly.fasta	8	e,h	1,2	Salmonella enterica subspecies enterica (subspecies I)	8:e,h:1,2	Newport	
Sample name	Output directory	Input files	O antigen prediction	H1 antigen prediction(fliC)	H2 antigen prediction(fljB)	Predicted identification	Predicted antigenic profile	Predicted serotype	Note
SRR17468275	/storage/group/evk5387/default/sophia_kenney/dogsalmonella/2.0-sero/seqsero/SRR17468275_seqsero	SRR17468275_assembly.fasta	-	r	1,5	Salmonella enterica subspecies enterica (subspecies I)	-:r:1,5	I -:r:1,5	O antigen was not detected. This result may be due to a rough strain that has deleted the rfb region. For raw reads input, the k-mer workflow is sometimes more sensitive than the microassembly workflow in detecting O antigen. Caution should be used with this approach because the k-mer result may be due to low levels of contamination. 
Sample name	Output directory	Input files	O antigen prediction	H1 antigen prediction(fliC)	H2 antigen prediction(fljB)	Predicted identification	Predicted antigenic profile	Predicted serotype	Note
SRR17518188	/storage/group/evk5387/default/sophia_kenney/dogsalmonella/2.0-sero/seqsero/SRR17518188_seqsero	SRR17518188_assembly.fasta	8	l,v	1,2	Salmonella enterica subspecies enterica (subspecies I)	8:l,v:1,2	Litchfield	
Sample name	Output directory	Input files	O antigen prediction	H1 antigen prediction(fliC)	H2 antigen prediction(fljB)	Predicted identification	Predicted antigenic profile	Predicted serotype	Note
SRR17720340	/storage/group/evk5387/default/sophia_kenney/dogsalmonella/2.0-sero/seqsero/SRR17720340_seqsero	SRR17720340_assembly.fasta	7	g,m,s	-	Salmonella enterica subspecies enterica (subspecies I)	7:g,m,s:-	Montevideo	
Sample name	Output directory	Input files	O antigen prediction	H1 antigen prediction(fliC)	H2 antigen prediction(fljB)	Predicted identification	Predicted antigenic profile	Predicted serotype	Note
SRR17913424	/storage/group/evk5387/default/sophia_kenney/dogsalmonella/2.0-sero/seqsero/SRR17913424_seqsero	SRR17913424_assembly.fasta	4	i	1,2	Salmonella enterica subspecies enterica (subspecies I)	4:i:1,2	Typhimurium	
Sample name	Output directory	Input files	O antigen prediction	H1 antigen prediction(fliC)	H2 antigen prediction(fljB)	Predicted identification	Predicted antigenic profile	Predicted serotype	Note
SRR18347376	/storage/group/evk5387/default/sophia_kenney/dogsalmonella/2.0-sero/seqsero/SRR18347376_seqsero	SRR18347376_assembly.fasta	4	i	1,2	Salmonella enterica subspecies enterica (subspecies I)	4:i:1,2	Typhimurium	Detected a deletion in gene oafA that causes O5- variant of Typhimurium. 
Sample name	Output directory	Input files	O antigen prediction	H1 antigen prediction(fliC)	H2 antigen prediction(fljB)	Predicted identification	Predicted antigenic profile	Predicted serotype	Note
SRR18347377	/storage/group/evk5387/default/sophia_kenney/dogsalmonella/2.0-sero/seqsero/SRR18347377_seqsero	SRR18347377_assembly.fasta	4	e,h	1,2	Salmonella enterica subspecies enterica (subspecies I)	4:e,h:1,2	Saintpaul	
Sample name	Output directory	Input files	O antigen prediction	H1 antigen prediction(fliC)	H2 antigen prediction(fljB)	Predicted identification	Predicted antigenic profile	Predicted serotype	Note
SRR18347379	/storage/group/evk5387/default/sophia_kenney/dogsalmonella/2.0-sero/seqsero/SRR18347379_seqsero	SRR18347379_assembly.fasta	8	e,h	1,2	Salmonella enterica subspecies enterica (subspecies I)	8:e,h:1,2	Newport	
Sample name	Output directory	Input files	O antigen prediction	H1 antigen prediction(fliC)	H2 antigen prediction(fljB)	Predicted identification	Predicted antigenic profile	Predicted serotype	Note
SRR18347383	/storage/group/evk5387/default/sophia_kenney/dogsalmonella/2.0-sero/seqsero/SRR18347383_seqsero	SRR18347383_assembly.fasta	-	z81	-	Salmonella bongori	-:z81:-	bongori -:z81:-	O antigen was not detected. This result may be due to a rough strain that has deleted the rfb region. For raw reads input, the k-mer workflow is sometimes more sensitive than the microassembly workflow in detecting O antigen. Caution should be used with this approach because the k-mer result may be due to low levels of contamination. 
Sample name	Output directory	Input files	O antigen prediction	H1 antigen prediction(fliC)	H2 antigen prediction(fljB)	Predicted identification	Predicted antigenic profile	Predicted serotype	Note
SRR18890647	/storage/group/evk5387/default/sophia_kenney/dogsalmonella/2.0-sero/seqsero/SRR18890647_seqsero	SRR18890647_assembly.fasta	8	e,h	1,2	Salmonella enterica subspecies enterica (subspecies I)	8:e,h:1,2	Newport	
Sample name	Output directory	Input files	O antigen prediction	H1 antigen prediction(fliC)	H2 antigen prediction(fljB)	Predicted identification	Predicted antigenic profile	Predicted serotype	Note
SRR18963375	/storage/group/evk5387/default/sophia_kenney/dogsalmonella/2.0-sero/seqsero/SRR18963375_seqsero	SRR18963375_assembly.fasta	13	b	1,5	Salmonella enterica subspecies enterica (subspecies I)	13:b:1,5	Mississippi	
Sample name	Output directory	Input files	O antigen prediction	H1 antigen prediction(fliC)	H2 antigen prediction(fljB)	Predicted identification	Predicted antigenic profile	Predicted serotype	Note
SRR18963378	/storage/group/evk5387/default/sophia_kenney/dogsalmonella/2.0-sero/seqsero/SRR18963378_seqsero	SRR18963378_assembly.fasta	7	z10	e,n,z15	Salmonella enterica subspecies enterica (subspecies I)	7:z10:e,n,z15	Mbandaka	
Sample name	Output directory	Input files	O antigen prediction	H1 antigen prediction(fliC)	H2 antigen prediction(fljB)	Predicted identification	Predicted antigenic profile	Predicted serotype	Note
SRR19032716	/storage/group/evk5387/default/sophia_kenney/dogsalmonella/2.0-sero/seqsero/SRR19032716_seqsero	SRR19032716_assembly.fasta	9	g,p	-	Salmonella enterica subspecies enterica (subspecies I)	9:g,p:-	Dublin	
Sample name	Output directory	Input files	O antigen prediction	H1 antigen prediction(fliC)	H2 antigen prediction(fljB)	Predicted identification	Predicted antigenic profile	Predicted serotype	Note
SRR19317098	/storage/group/evk5387/default/sophia_kenney/dogsalmonella/2.0-sero/seqsero/SRR19317098_seqsero	SRR19317098_assembly.fasta	7	r	1,5	Salmonella enterica subspecies enterica (subspecies I)	7:r:1,5	Infantis	
Sample name	Output directory	Input files	O antigen prediction	H1 antigen prediction(fliC)	H2 antigen prediction(fljB)	Predicted identification	Predicted antigenic profile	Predicted serotype	Note
SRR19317100	/storage/group/evk5387/default/sophia_kenney/dogsalmonella/2.0-sero/seqsero/SRR19317100_seqsero	SRR19317100_assembly.fasta	7	m,t	-	Salmonella enterica subspecies enterica (subspecies I)	7:m,t:-	Oranienburg	
Sample name	Output directory	Input files	O antigen prediction	H1 antigen prediction(fliC)	H2 antigen prediction(fljB)	Predicted identification	Predicted antigenic profile	Predicted serotype	Note
SRR19396452	/storage/group/evk5387/default/sophia_kenney/dogsalmonella/2.0-sero/seqsero/SRR19396452_seqsero	SRR19396452_assembly.fasta	8	e,h	1,2	Salmonella enterica subspecies enterica (subspecies I)	8:e,h:1,2	Newport	
Sample name	Output directory	Input files	O antigen prediction	H1 antigen prediction(fliC)	H2 antigen prediction(fljB)	Predicted identification	Predicted antigenic profile	Predicted serotype	Note
SRR19396454	/storage/group/evk5387/default/sophia_kenney/dogsalmonella/2.0-sero/seqsero/SRR19396454_seqsero	SRR19396454_assembly.fasta	8	e,h	1,2	Salmonella enterica subspecies enterica (subspecies I)	8:e,h:1,2	Newport	
Sample name	Output directory	Input files	O antigen prediction	H1 antigen prediction(fliC)	H2 antigen prediction(fljB)	Predicted identification	Predicted antigenic profile	Predicted serotype	Note
SRR19396455	/storage/group/evk5387/default/sophia_kenney/dogsalmonella/2.0-sero/seqsero/SRR19396455_seqsero	SRR19396455_assembly.fasta	-	y	e,n,x	Salmonella enterica subspecies enterica (subspecies I)	-:y:e,n,x	I -:y:e,n,x	O antigen was not detected. This result may be due to a rough strain that has deleted the rfb region. For raw reads input, the k-mer workflow is sometimes more sensitive than the microassembly workflow in detecting O antigen. Caution should be used with this approach because the k-mer result may be due to low levels of contamination. 
Sample name	Output directory	Input files	O antigen prediction	H1 antigen prediction(fliC)	H2 antigen prediction(fljB)	Predicted identification	Predicted antigenic profile	Predicted serotype	Note
SRR19431814	/storage/group/evk5387/default/sophia_kenney/dogsalmonella/2.0-sero/seqsero/SRR19431814_seqsero	SRR19431814_assembly.fasta	-	r	1,5	Salmonella enterica subspecies enterica (subspecies I)	-:r:1,5	I -:r:1,5	O antigen was not detected. This result may be due to a rough strain that has deleted the rfb region. For raw reads input, the k-mer workflow is sometimes more sensitive than the microassembly workflow in detecting O antigen. Caution should be used with this approach because the k-mer result may be due to low levels of contamination. 
Sample name	Output directory	Input files	O antigen prediction	H1 antigen prediction(fliC)	H2 antigen prediction(fljB)	Predicted identification	Predicted antigenic profile	Predicted serotype	Note
SRR19431820	/storage/group/evk5387/default/sophia_kenney/dogsalmonella/2.0-sero/seqsero/SRR19431820_seqsero	SRR19431820_assembly.fasta	4	i	1,2	Salmonella enterica subspecies enterica (subspecies I)	4:i:1,2	Typhimurium	Detected a deletion in gene oafA that causes O5- variant of Typhimurium. 
Sample name	Output directory	Input files	O antigen prediction	H1 antigen prediction(fliC)	H2 antigen prediction(fljB)	Predicted identification	Predicted antigenic profile	Predicted serotype	Note
SRR20231330	/storage/group/evk5387/default/sophia_kenney/dogsalmonella/2.0-sero/seqsero/SRR20231330_seqsero	SRR20231330_assembly.fasta	7	m,t	-	Salmonella enterica subspecies enterica (subspecies I)	7:m,t:-	Oranienburg	
Sample name	Output directory	Input files	O antigen prediction	H1 antigen prediction(fliC)	H2 antigen prediction(fljB)	Predicted identification	Predicted antigenic profile	Predicted serotype	Note
SRR22022009	/storage/group/evk5387/default/sophia_kenney/dogsalmonella/2.0-sero/seqsero/SRR22022009_seqsero	SRR22022009_assembly.fasta	-	g,p	-	Salmonella enterica subspecies enterica (subspecies I)	-:g,p:-	I -:g,p:-	O antigen was not detected. This result may be due to a rough strain that has deleted the rfb region. For raw reads input, the k-mer workflow is sometimes more sensitive than the microassembly workflow in detecting O antigen. Caution should be used with this approach because the k-mer result may be due to low levels of contamination. 
Sample name	Output directory	Input files	O antigen prediction	H1 antigen prediction(fliC)	H2 antigen prediction(fljB)	Predicted identification	Predicted antigenic profile	Predicted serotype	Note
SRR22129576	/storage/group/evk5387/default/sophia_kenney/dogsalmonella/2.0-sero/seqsero/SRR22129576_seqsero	SRR22129576_assembly.fasta	-	r	e,n,x	Salmonella enterica subspecies enterica (subspecies I)	-:r:e,n,x	I -:r:e,n,x	O antigen was not detected. This result may be due to a rough strain that has deleted the rfb region. For raw reads input, the k-mer workflow is sometimes more sensitive than the microassembly workflow in detecting O antigen. Caution should be used with this approach because the k-mer result may be due to low levels of contamination. 
Sample name	Output directory	Input files	O antigen prediction	H1 antigen prediction(fliC)	H2 antigen prediction(fljB)	Predicted identification	Predicted antigenic profile	Predicted serotype	Note
SRR22129578	/storage/group/evk5387/default/sophia_kenney/dogsalmonella/2.0-sero/seqsero/SRR22129578_seqsero	SRR22129578_assembly.fasta	8	e,h	1,2	Salmonella enterica subspecies enterica (subspecies I)	8:e,h:1,2	Newport	
Sample name	Output directory	Input files	O antigen prediction	H1 antigen prediction(fliC)	H2 antigen prediction(fljB)	Predicted identification	Predicted antigenic profile	Predicted serotype	Note
SRR22857839	/storage/group/evk5387/default/sophia_kenney/dogsalmonella/2.0-sero/seqsero/SRR22857839_seqsero	SRR22857839_assembly.fasta	8	e,h	1,2	Salmonella enterica subspecies enterica (subspecies I)	8:e,h:1,2	Newport	
Sample name	Output directory	Input files	O antigen prediction	H1 antigen prediction(fliC)	H2 antigen prediction(fljB)	Predicted identification	Predicted antigenic profile	Predicted serotype	Note
SRR22858223	/storage/group/evk5387/default/sophia_kenney/dogsalmonella/2.0-sero/seqsero/SRR22858223_seqsero	SRR22858223_assembly.fasta	8	e,h	1,2	Salmonella enterica subspecies enterica (subspecies I)	8:e,h:1,2	Newport	
Sample name	Output directory	Input files	O antigen prediction	H1 antigen prediction(fliC)	H2 antigen prediction(fljB)	Predicted identification	Predicted antigenic profile	Predicted serotype	Note
SRR22858252	/storage/group/evk5387/default/sophia_kenney/dogsalmonella/2.0-sero/seqsero/SRR22858252_seqsero	SRR22858252_assembly.fasta	8	e,h	1,2	Salmonella enterica subspecies enterica (subspecies I)	8:e,h:1,2	Newport	
Sample name	Output directory	Input files	O antigen prediction	H1 antigen prediction(fliC)	H2 antigen prediction(fljB)	Predicted identification	Predicted antigenic profile	Predicted serotype	Note
SRR22858268	/storage/group/evk5387/default/sophia_kenney/dogsalmonella/2.0-sero/seqsero/SRR22858268_seqsero	SRR22858268_assembly.fasta	8	e,h	1,2	Salmonella enterica subspecies enterica (subspecies I)	8:e,h:1,2	Newport	
Sample name	Output directory	Input files	O antigen prediction	H1 antigen prediction(fliC)	H2 antigen prediction(fljB)	Predicted identification	Predicted antigenic profile	Predicted serotype	Note
SRR22858275	/storage/group/evk5387/default/sophia_kenney/dogsalmonella/2.0-sero/seqsero/SRR22858275_seqsero	SRR22858275_assembly.fasta	8	e,h	1,2	Salmonella enterica subspecies enterica (subspecies I)	8:e,h:1,2	Newport	
Sample name	Output directory	Input files	O antigen prediction	H1 antigen prediction(fliC)	H2 antigen prediction(fljB)	Predicted identification	Predicted antigenic profile	Predicted serotype	Note
SRR22858276	/storage/group/evk5387/default/sophia_kenney/dogsalmonella/2.0-sero/seqsero/SRR22858276_seqsero	SRR22858276_assembly.fasta	8	e,h	1,2	Salmonella enterica subspecies enterica (subspecies I)	8:e,h:1,2	Newport	
Sample name	Output directory	Input files	O antigen prediction	H1 antigen prediction(fliC)	H2 antigen prediction(fljB)	Predicted identification	Predicted antigenic profile	Predicted serotype	Note
SRR23611146	/storage/group/evk5387/default/sophia_kenney/dogsalmonella/2.0-sero/seqsero/SRR23611146_seqsero	SRR23611146_assembly.fasta	8	e,h	1,5	Salmonella enterica subspecies enterica (subspecies I)	8:e,h:1,5	Kottbus	
Sample name	Output directory	Input files	O antigen prediction	H1 antigen prediction(fliC)	H2 antigen prediction(fljB)	Predicted identification	Predicted antigenic profile	Predicted serotype	Note
SRR23611460	/storage/group/evk5387/default/sophia_kenney/dogsalmonella/2.0-sero/seqsero/SRR23611460_seqsero	SRR23611460_assembly.fasta	9	g,m	-	Salmonella enterica subspecies enterica (subspecies I)	9:g,m:-	Enteritidis	Detected Sdf I that is characteristic of commonly circulating strains of serotype Enteritidis. 
Sample name	Output directory	Input files	O antigen prediction	H1 antigen prediction(fliC)	H2 antigen prediction(fljB)	Predicted identification	Predicted antigenic profile	Predicted serotype	Note
SRR23611461	/storage/group/evk5387/default/sophia_kenney/dogsalmonella/2.0-sero/seqsero/SRR23611461_seqsero	SRR23611461_assembly.fasta	8	e,h	1,2	Salmonella enterica subspecies enterica (subspecies I)	8:e,h:1,2	Newport	
Sample name	Output directory	Input files	O antigen prediction	H1 antigen prediction(fliC)	H2 antigen prediction(fljB)	Predicted identification	Predicted antigenic profile	Predicted serotype	Note
SRR23612040	/storage/group/evk5387/default/sophia_kenney/dogsalmonella/2.0-sero/seqsero/SRR23612040_seqsero	SRR23612040_assembly.fasta	4	i	-	Salmonella enterica subspecies enterica (subspecies I)	4:i:-	I 4,[5],12:i:-	
Sample name	Output directory	Input files	O antigen prediction	H1 antigen prediction(fliC)	H2 antigen prediction(fljB)	Predicted identification	Predicted antigenic profile	Predicted serotype	Note
SRR23734591	/storage/group/evk5387/default/sophia_kenney/dogsalmonella/2.0-sero/seqsero/SRR23734591_seqsero	SRR23734591_assembly.fasta	9	g,m	-	Salmonella enterica subspecies enterica (subspecies I)	9:g,m:-	Enteritidis	Detected Sdf I that is characteristic of commonly circulating strains of serotype Enteritidis. 
Sample name	Output directory	Input files	O antigen prediction	H1 antigen prediction(fliC)	H2 antigen prediction(fljB)	Predicted identification	Predicted antigenic profile	Predicted serotype	Note
SRR23919677	/storage/group/evk5387/default/sophia_kenney/dogsalmonella/2.0-sero/seqsero/SRR23919677_seqsero	SRR23919677_assembly.fasta	4	b	1,2	Salmonella enterica subspecies enterica (subspecies I)	4:b:1,2	Paratyphi B var. L(+) tartrate+	The SNP in gene STM3356 that is associated with the d-Tartrate nonfermenting phenotype characteristic of the typhoidal pathotype was not detected. 
Sample name	Output directory	Input files	O antigen prediction	H1 antigen prediction(fliC)	H2 antigen prediction(fljB)	Predicted identification	Predicted antigenic profile	Predicted serotype	Note
SRR23988851	/storage/group/evk5387/default/sophia_kenney/dogsalmonella/2.0-sero/seqsero/SRR23988851_seqsero	SRR23988851_assembly.fasta	4	b	1,2	Salmonella enterica subspecies enterica (subspecies I)	4:b:1,2	Paratyphi B var. L(+) tartrate+	The SNP in gene STM3356 that is associated with the d-Tartrate nonfermenting phenotype characteristic of the typhoidal pathotype was not detected. 
Sample name	Output directory	Input files	O antigen prediction	H1 antigen prediction(fliC)	H2 antigen prediction(fljB)	Predicted identification	Predicted antigenic profile	Predicted serotype	Note
SRR23988853	/storage/group/evk5387/default/sophia_kenney/dogsalmonella/2.0-sero/seqsero/SRR23988853_seqsero	SRR23988853_assembly.fasta	-	f,g,t	-	Salmonella enterica subspecies enterica (subspecies I)	-:f,g,t:-	I -:f,g,t:-	O antigen was not detected. This result may be due to a rough strain that has deleted the rfb region. For raw reads input, the k-mer workflow is sometimes more sensitive than the microassembly workflow in detecting O antigen. Caution should be used with this approach because the k-mer result may be due to low levels of contamination. 
Sample name	Output directory	Input files	O antigen prediction	H1 antigen prediction(fliC)	H2 antigen prediction(fljB)	Predicted identification	Predicted antigenic profile	Predicted serotype	Note
SRR23988857	/storage/group/evk5387/default/sophia_kenney/dogsalmonella/2.0-sero/seqsero/SRR23988857_seqsero	SRR23988857_assembly.fasta	-	e,h	1,2	Salmonella enterica subspecies enterica (subspecies I)	-:e,h:1,2	I -:e,h:1,2	O antigen was not detected. This result may be due to a rough strain that has deleted the rfb region. For raw reads input, the k-mer workflow is sometimes more sensitive than the microassembly workflow in detecting O antigen. Caution should be used with this approach because the k-mer result may be due to low levels of contamination. 
Sample name	Output directory	Input files	O antigen prediction	H1 antigen prediction(fliC)	H2 antigen prediction(fljB)	Predicted identification	Predicted antigenic profile	Predicted serotype	Note
SRR23988858	/storage/group/evk5387/default/sophia_kenney/dogsalmonella/2.0-sero/seqsero/SRR23988858_seqsero	SRR23988858_assembly.fasta	8	e,h	1,2	Salmonella enterica subspecies enterica (subspecies I)	8:e,h:1,2	Newport	
Sample name	Output directory	Input files	O antigen prediction	H1 antigen prediction(fliC)	H2 antigen prediction(fljB)	Predicted identification	Predicted antigenic profile	Predicted serotype	Note
SRR23988860	/storage/group/evk5387/default/sophia_kenney/dogsalmonella/2.0-sero/seqsero/SRR23988860_seqsero	SRR23988860_assembly.fasta	4	i	1,2	Salmonella enterica subspecies enterica (subspecies I)	4:i:1,2	Typhimurium	
Sample name	Output directory	Input files	O antigen prediction	H1 antigen prediction(fliC)	H2 antigen prediction(fljB)	Predicted identification	Predicted antigenic profile	Predicted serotype	Note
SRR24977980	/storage/group/evk5387/default/sophia_kenney/dogsalmonella/2.0-sero/seqsero/SRR24977980_seqsero	SRR24977980_assembly.fasta	-	g,m	-	Salmonella enterica subspecies enterica (subspecies I)	-:g,m:-	I -:g,m:-	O antigen was not detected. This result may be due to a rough strain that has deleted the rfb region. For raw reads input, the k-mer workflow is sometimes more sensitive than the microassembly workflow in detecting O antigen. Caution should be used with this approach because the k-mer result may be due to low levels of contamination. 
Sample name	Output directory	Input files	O antigen prediction	H1 antigen prediction(fliC)	H2 antigen prediction(fljB)	Predicted identification	Predicted antigenic profile	Predicted serotype	Note
SRR24977981	/storage/group/evk5387/default/sophia_kenney/dogsalmonella/2.0-sero/seqsero/SRR24977981_seqsero	SRR24977981_assembly.fasta	4	i	1,2	Salmonella enterica subspecies enterica (subspecies I)	4:i:1,2	Typhimurium	
Sample name	Output directory	Input files	O antigen prediction	H1 antigen prediction(fliC)	H2 antigen prediction(fljB)	Predicted identification	Predicted antigenic profile	Predicted serotype	Note
SRR24980334	/storage/group/evk5387/default/sophia_kenney/dogsalmonella/2.0-sero/seqsero/SRR24980334_seqsero	SRR24980334_assembly.fasta	-	l,z28	1,5	Salmonella enterica subspecies enterica (subspecies I)	-:l,z28:1,5	I -:l,z28:1,5	O antigen was not detected. This result may be due to a rough strain that has deleted the rfb region. For raw reads input, the k-mer workflow is sometimes more sensitive than the microassembly workflow in detecting O antigen. Caution should be used with this approach because the k-mer result may be due to low levels of contamination. 
Sample name	Output directory	Input files	O antigen prediction	H1 antigen prediction(fliC)	H2 antigen prediction(fljB)	Predicted identification	Predicted antigenic profile	Predicted serotype	Note
SRR24980335	/storage/group/evk5387/default/sophia_kenney/dogsalmonella/2.0-sero/seqsero/SRR24980335_seqsero	SRR24980335_assembly.fasta	4	i	-	Salmonella enterica subspecies enterica (subspecies I)	4:i:-	I 4,[5],12:i:-	
Sample name	Output directory	Input files	O antigen prediction	H1 antigen prediction(fliC)	H2 antigen prediction(fljB)	Predicted identification	Predicted antigenic profile	Predicted serotype	Note
SRR24980338	/storage/group/evk5387/default/sophia_kenney/dogsalmonella/2.0-sero/seqsero/SRR24980338_seqsero	SRR24980338_assembly.fasta	-	r	1,5	Salmonella enterica subspecies enterica (subspecies I)	-:r:1,5	I -:r:1,5	O antigen was not detected. This result may be due to a rough strain that has deleted the rfb region. For raw reads input, the k-mer workflow is sometimes more sensitive than the microassembly workflow in detecting O antigen. Caution should be used with this approach because the k-mer result may be due to low levels of contamination. 
Sample name	Output directory	Input files	O antigen prediction	H1 antigen prediction(fliC)	H2 antigen prediction(fljB)	Predicted identification	Predicted antigenic profile	Predicted serotype	Note
SRR25451680	/storage/group/evk5387/default/sophia_kenney/dogsalmonella/2.0-sero/seqsero/SRR25451680_seqsero	SRR25451680_assembly.fasta	3,10	e,h	1,6	Salmonella enterica subspecies enterica (subspecies I)	3,10:e,h:1,6	Anatum	
Sample name	Output directory	Input files	O antigen prediction	H1 antigen prediction(fliC)	H2 antigen prediction(fljB)	Predicted identification	Predicted antigenic profile	Predicted serotype	Note
SRR25451681	/storage/group/evk5387/default/sophia_kenney/dogsalmonella/2.0-sero/seqsero/SRR25451681_seqsero	SRR25451681_assembly.fasta	16	l,v	-	Salmonella enterica subspecies enterica (subspecies I)	16:l,v:-	I 16:l,v:-	This predicted serotype is not in the Kauffman-White scheme. 
Sample name	Output directory	Input files	O antigen prediction	H1 antigen prediction(fliC)	H2 antigen prediction(fljB)	Predicted identification	Predicted antigenic profile	Predicted serotype	Note
SRR6311159	/storage/group/evk5387/default/sophia_kenney/dogsalmonella/2.0-sero/seqsero/SRR6311159_seqsero	SRR6311159_assembly.fasta	7	z10	e,n,z15	Salmonella enterica subspecies enterica (subspecies I)	7:z10:e,n,z15	Mbandaka	
Sample name	Output directory	Input files	O antigen prediction	H1 antigen prediction(fliC)	H2 antigen prediction(fljB)	Predicted identification	Predicted antigenic profile	Predicted serotype	Note
SRR6814919	/storage/group/evk5387/default/sophia_kenney/dogsalmonella/2.0-sero/seqsero/SRR6814919_seqsero	SRR6814919_assembly.fasta	4	i	-	Salmonella enterica subspecies enterica (subspecies I)	4:i:-	I 4,[5],12:i:-	
Sample name	Output directory	Input files	O antigen prediction	H1 antigen prediction(fliC)	H2 antigen prediction(fljB)	Predicted identification	Predicted antigenic profile	Predicted serotype	Note
SRR6903162	/storage/group/evk5387/default/sophia_kenney/dogsalmonella/2.0-sero/seqsero/SRR6903162_seqsero	SRR6903162_assembly.fasta	7	r	1,5	Salmonella enterica subspecies enterica (subspecies I)	7:r:1,5	Infantis	
Sample name	Output directory	Input files	O antigen prediction	H1 antigen prediction(fliC)	H2 antigen prediction(fljB)	Predicted identification	Predicted antigenic profile	Predicted serotype	Note
SRR6973036	/storage/group/evk5387/default/sophia_kenney/dogsalmonella/2.0-sero/seqsero/SRR6973036_seqsero	SRR6973036_assembly.fasta	-	g,m	-	Salmonella enterica subspecies enterica (subspecies I)	-:g,m:-	I -:g,m:-	O antigen was not detected. This result may be due to a rough strain that has deleted the rfb region. For raw reads input, the k-mer workflow is sometimes more sensitive than the microassembly workflow in detecting O antigen. Caution should be used with this approach because the k-mer result may be due to low levels of contamination. 
Sample name	Output directory	Input files	O antigen prediction	H1 antigen prediction(fliC)	H2 antigen prediction(fljB)	Predicted identification	Predicted antigenic profile	Predicted serotype	Note
SRR6973038	/storage/group/evk5387/default/sophia_kenney/dogsalmonella/2.0-sero/seqsero/SRR6973038_seqsero	SRR6973038_assembly.fasta	-	g,m	-	Salmonella enterica subspecies enterica (subspecies I)	-:g,m:-	I -:g,m:-	O antigen was not detected. This result may be due to a rough strain that has deleted the rfb region. For raw reads input, the k-mer workflow is sometimes more sensitive than the microassembly workflow in detecting O antigen. Caution should be used with this approach because the k-mer result may be due to low levels of contamination. 
Sample name	Output directory	Input files	O antigen prediction	H1 antigen prediction(fliC)	H2 antigen prediction(fljB)	Predicted identification	Predicted antigenic profile	Predicted serotype	Note
SRR6973550	/storage/group/evk5387/default/sophia_kenney/dogsalmonella/2.0-sero/seqsero/SRR6973550_seqsero	SRR6973550_assembly.fasta	-	g,m	-	Salmonella enterica subspecies enterica (subspecies I)	-:g,m:-	I -:g,m:-	O antigen was not detected. This result may be due to a rough strain that has deleted the rfb region. For raw reads input, the k-mer workflow is sometimes more sensitive than the microassembly workflow in detecting O antigen. Caution should be used with this approach because the k-mer result may be due to low levels of contamination. 
Sample name	Output directory	Input files	O antigen prediction	H1 antigen prediction(fliC)	H2 antigen prediction(fljB)	Predicted identification	Predicted antigenic profile	Predicted serotype	Note
SRR6973597	/storage/group/evk5387/default/sophia_kenney/dogsalmonella/2.0-sero/seqsero/SRR6973597_seqsero	SRR6973597_assembly.fasta	-	r	1,5	Salmonella enterica subspecies enterica (subspecies I)	-:r:1,5	I -:r:1,5	O antigen was not detected. This result may be due to a rough strain that has deleted the rfb region. For raw reads input, the k-mer workflow is sometimes more sensitive than the microassembly workflow in detecting O antigen. Caution should be used with this approach because the k-mer result may be due to low levels of contamination. 
Sample name	Output directory	Input files	O antigen prediction	H1 antigen prediction(fliC)	H2 antigen prediction(fljB)	Predicted identification	Predicted antigenic profile	Predicted serotype	Note
SRR6973598	/storage/group/evk5387/default/sophia_kenney/dogsalmonella/2.0-sero/seqsero/SRR6973598_seqsero	SRR6973598_assembly.fasta	-	g,m	-	Salmonella enterica subspecies enterica (subspecies I)	-:g,m:-	I -:g,m:-	O antigen was not detected. This result may be due to a rough strain that has deleted the rfb region. For raw reads input, the k-mer workflow is sometimes more sensitive than the microassembly workflow in detecting O antigen. Caution should be used with this approach because the k-mer result may be due to low levels of contamination. 
Sample name	Output directory	Input files	O antigen prediction	H1 antigen prediction(fliC)	H2 antigen prediction(fljB)	Predicted identification	Predicted antigenic profile	Predicted serotype	Note
SRR6973618	/storage/group/evk5387/default/sophia_kenney/dogsalmonella/2.0-sero/seqsero/SRR6973618_seqsero	SRR6973618_assembly.fasta	-	g,m	-	Salmonella enterica subspecies enterica (subspecies I)	-:g,m:-	I -:g,m:-	O antigen was not detected. This result may be due to a rough strain that has deleted the rfb region. For raw reads input, the k-mer workflow is sometimes more sensitive than the microassembly workflow in detecting O antigen. Caution should be used with this approach because the k-mer result may be due to low levels of contamination. 
Sample name	Output directory	Input files	O antigen prediction	H1 antigen prediction(fliC)	H2 antigen prediction(fljB)	Predicted identification	Predicted antigenic profile	Predicted serotype	Note
SRR6973626	/storage/group/evk5387/default/sophia_kenney/dogsalmonella/2.0-sero/seqsero/SRR6973626_seqsero	SRR6973626_assembly.fasta	-	m,t	-	Salmonella enterica subspecies enterica (subspecies I)	-:m,t:-	I -:m,t:-	O antigen was not detected. This result may be due to a rough strain that has deleted the rfb region. For raw reads input, the k-mer workflow is sometimes more sensitive than the microassembly workflow in detecting O antigen. Caution should be used with this approach because the k-mer result may be due to low levels of contamination. 
Sample name	Output directory	Input files	O antigen prediction	H1 antigen prediction(fliC)	H2 antigen prediction(fljB)	Predicted identification	Predicted antigenic profile	Predicted serotype	Note
SRR6973863	/storage/group/evk5387/default/sophia_kenney/dogsalmonella/2.0-sero/seqsero/SRR6973863_seqsero	SRR6973863_assembly.fasta	-	g,m	-	Salmonella enterica subspecies enterica (subspecies I)	-:g,m:-	I -:g,m:-	O antigen was not detected. This result may be due to a rough strain that has deleted the rfb region. For raw reads input, the k-mer workflow is sometimes more sensitive than the microassembly workflow in detecting O antigen. Caution should be used with this approach because the k-mer result may be due to low levels of contamination. 
Sample name	Output directory	Input files	O antigen prediction	H1 antigen prediction(fliC)	H2 antigen prediction(fljB)	Predicted identification	Predicted antigenic profile	Predicted serotype	Note
SRR6973864	/storage/group/evk5387/default/sophia_kenney/dogsalmonella/2.0-sero/seqsero/SRR6973864_seqsero	SRR6973864_assembly.fasta	-	g,m	-	Salmonella enterica subspecies enterica (subspecies I)	-:g,m:-	I -:g,m:-	O antigen was not detected. This result may be due to a rough strain that has deleted the rfb region. For raw reads input, the k-mer workflow is sometimes more sensitive than the microassembly workflow in detecting O antigen. Caution should be used with this approach because the k-mer result may be due to low levels of contamination. 
Sample name	Output directory	Input files	O antigen prediction	H1 antigen prediction(fliC)	H2 antigen prediction(fljB)	Predicted identification	Predicted antigenic profile	Predicted serotype	Note
SRR6985972	/storage/group/evk5387/default/sophia_kenney/dogsalmonella/2.0-sero/seqsero/SRR6985972_seqsero	SRR6985972_assembly.fasta	-	b	1,2	Salmonella enterica subspecies enterica (subspecies I)	-:b:1,2	I -:b:1,2	O antigen was not detected. This result may be due to a rough strain that has deleted the rfb region. For raw reads input, the k-mer workflow is sometimes more sensitive than the microassembly workflow in detecting O antigen. Caution should be used with this approach because the k-mer result may be due to low levels of contamination. 
Sample name	Output directory	Input files	O antigen prediction	H1 antigen prediction(fliC)	H2 antigen prediction(fljB)	Predicted identification	Predicted antigenic profile	Predicted serotype	Note
SRR6985975	/storage/group/evk5387/default/sophia_kenney/dogsalmonella/2.0-sero/seqsero/SRR6985975_seqsero	SRR6985975_assembly.fasta	9,46	e,h	1,6	Salmonella enterica subspecies enterica (subspecies I)	9,46:e,h:1,6	I 9,46:e,h:1,6	This predicted serotype is not in the Kauffman-White scheme. 
Sample name	Output directory	Input files	O antigen prediction	H1 antigen prediction(fliC)	H2 antigen prediction(fljB)	Predicted identification	Predicted antigenic profile	Predicted serotype	Note
SRR6986036	/storage/group/evk5387/default/sophia_kenney/dogsalmonella/2.0-sero/seqsero/SRR6986036_seqsero	SRR6986036_assembly.fasta	-	d	1,2	Salmonella enterica subspecies enterica (subspecies I)	-:d:1,2	I -:d:1,2	O antigen was not detected. This result may be due to a rough strain that has deleted the rfb region. For raw reads input, the k-mer workflow is sometimes more sensitive than the microassembly workflow in detecting O antigen. Caution should be used with this approach because the k-mer result may be due to low levels of contamination. 
Sample name	Output directory	Input files	O antigen prediction	H1 antigen prediction(fliC)	H2 antigen prediction(fljB)	Predicted identification	Predicted antigenic profile	Predicted serotype	Note
SRR6986044	/storage/group/evk5387/default/sophia_kenney/dogsalmonella/2.0-sero/seqsero/SRR6986044_seqsero	SRR6986044_assembly.fasta	7	m,t	-	Salmonella enterica subspecies enterica (subspecies I)	7:m,t:-	Oranienburg	
Sample name	Output directory	Input files	O antigen prediction	H1 antigen prediction(fliC)	H2 antigen prediction(fljB)	Predicted identification	Predicted antigenic profile	Predicted serotype	Note
SRR6986047	/storage/group/evk5387/default/sophia_kenney/dogsalmonella/2.0-sero/seqsero/SRR6986047_seqsero	SRR6986047_assembly.fasta	3,10	e,h	1,6	Salmonella enterica subspecies enterica (subspecies I)	3,10:e,h:1,6	Anatum	
Sample name	Output directory	Input files	O antigen prediction	H1 antigen prediction(fliC)	H2 antigen prediction(fljB)	Predicted identification	Predicted antigenic profile	Predicted serotype	Note
SRR6986053	/storage/group/evk5387/default/sophia_kenney/dogsalmonella/2.0-sero/seqsero/SRR6986053_seqsero	SRR6986053_assembly.fasta	-	f,g,t	-	Salmonella enterica subspecies enterica (subspecies I)	-:f,g,t:-	I -:f,g,t:-	O antigen was not detected. This result may be due to a rough strain that has deleted the rfb region. For raw reads input, the k-mer workflow is sometimes more sensitive than the microassembly workflow in detecting O antigen. Caution should be used with this approach because the k-mer result may be due to low levels of contamination. 
Sample name	Output directory	Input files	O antigen prediction	H1 antigen prediction(fliC)	H2 antigen prediction(fljB)	Predicted identification	Predicted antigenic profile	Predicted serotype	Note
SRR6986073	/storage/group/evk5387/default/sophia_kenney/dogsalmonella/2.0-sero/seqsero/SRR6986073_seqsero	SRR6986073_assembly.fasta	-	g,m	-	Salmonella enterica subspecies enterica (subspecies I)	-:g,m:-	I -:g,m:-	O antigen was not detected. This result may be due to a rough strain that has deleted the rfb region. For raw reads input, the k-mer workflow is sometimes more sensitive than the microassembly workflow in detecting O antigen. Caution should be used with this approach because the k-mer result may be due to low levels of contamination. 
Sample name	Output directory	Input files	O antigen prediction	H1 antigen prediction(fliC)	H2 antigen prediction(fljB)	Predicted identification	Predicted antigenic profile	Predicted serotype	Note
SRR6986080	/storage/group/evk5387/default/sophia_kenney/dogsalmonella/2.0-sero/seqsero/SRR6986080_seqsero	SRR6986080_assembly.fasta	-	g,m	-	Salmonella enterica subspecies enterica (subspecies I)	-:g,m:-	I -:g,m:-	O antigen was not detected. This result may be due to a rough strain that has deleted the rfb region. For raw reads input, the k-mer workflow is sometimes more sensitive than the microassembly workflow in detecting O antigen. Caution should be used with this approach because the k-mer result may be due to low levels of contamination. 
Sample name	Output directory	Input files	O antigen prediction	H1 antigen prediction(fliC)	H2 antigen prediction(fljB)	Predicted identification	Predicted antigenic profile	Predicted serotype	Note
SRR7014283	/storage/group/evk5387/default/sophia_kenney/dogsalmonella/2.0-sero/seqsero/SRR7014283_seqsero	SRR7014283_assembly.fasta	3,10	e,h	1,5	Salmonella enterica subspecies enterica (subspecies I)	3,10:e,h:1,5	Muenster	
Sample name	Output directory	Input files	O antigen prediction	H1 antigen prediction(fliC)	H2 antigen prediction(fljB)	Predicted identification	Predicted antigenic profile	Predicted serotype	Note
SRR7071944	/storage/group/evk5387/default/sophia_kenney/dogsalmonella/2.0-sero/seqsero/SRR7071944_seqsero	SRR7071944_assembly.fasta	-	m,t	-	Salmonella enterica subspecies enterica (subspecies I)	-:m,t:-	I -:m,t:-	O antigen was not detected. This result may be due to a rough strain that has deleted the rfb region. For raw reads input, the k-mer workflow is sometimes more sensitive than the microassembly workflow in detecting O antigen. Caution should be used with this approach because the k-mer result may be due to low levels of contamination. 
Sample name	Output directory	Input files	O antigen prediction	H1 antigen prediction(fliC)	H2 antigen prediction(fljB)	Predicted identification	Predicted antigenic profile	Predicted serotype	Note
SRR7072142	/storage/group/evk5387/default/sophia_kenney/dogsalmonella/2.0-sero/seqsero/SRR7072142_seqsero	SRR7072142_assembly.fasta	-	g,m	-	Salmonella enterica subspecies enterica (subspecies I)	-:g,m:-	I -:g,m:-	O antigen was not detected. This result may be due to a rough strain that has deleted the rfb region. For raw reads input, the k-mer workflow is sometimes more sensitive than the microassembly workflow in detecting O antigen. Caution should be used with this approach because the k-mer result may be due to low levels of contamination. 
Sample name	Output directory	Input files	O antigen prediction	H1 antigen prediction(fliC)	H2 antigen prediction(fljB)	Predicted identification	Predicted antigenic profile	Predicted serotype	Note
SRR7072185	/storage/group/evk5387/default/sophia_kenney/dogsalmonella/2.0-sero/seqsero/SRR7072185_seqsero	SRR7072185_assembly.fasta	9,46	e,h	1,5	Salmonella enterica subspecies enterica (subspecies I)	9,46:e,h:1,5	Waedenswil	
Sample name	Output directory	Input files	O antigen prediction	H1 antigen prediction(fliC)	H2 antigen prediction(fljB)	Predicted identification	Predicted antigenic profile	Predicted serotype	Note
SRR7077892	/storage/group/evk5387/default/sophia_kenney/dogsalmonella/2.0-sero/seqsero/SRR7077892_seqsero	SRR7077892_assembly.fasta	3,10	e,h	-	Salmonella enterica subspecies enterica (subspecies I)	3,10:e,h:-	I 3,10:e,h:-	This predicted serotype is not in the Kauffman-White scheme. 
Sample name	Output directory	Input files	O antigen prediction	H1 antigen prediction(fliC)	H2 antigen prediction(fljB)	Predicted identification	Predicted antigenic profile	Predicted serotype	Note
SRR7094454	/storage/group/evk5387/default/sophia_kenney/dogsalmonella/2.0-sero/seqsero/SRR7094454_seqsero	SRR7094454_assembly.fasta	7	m,t	-	Salmonella enterica subspecies enterica (subspecies I)	7:m,t:-	Oranienburg	
Sample name	Output directory	Input files	O antigen prediction	H1 antigen prediction(fliC)	H2 antigen prediction(fljB)	Predicted identification	Predicted antigenic profile	Predicted serotype	Note
SRR7094479	/storage/group/evk5387/default/sophia_kenney/dogsalmonella/2.0-sero/seqsero/SRR7094479_seqsero	SRR7094479_assembly.fasta	-	g,m	-	Salmonella enterica subspecies enterica (subspecies I)	-:g,m:-	I -:g,m:-	O antigen was not detected. This result may be due to a rough strain that has deleted the rfb region. For raw reads input, the k-mer workflow is sometimes more sensitive than the microassembly workflow in detecting O antigen. Caution should be used with this approach because the k-mer result may be due to low levels of contamination. 
Sample name	Output directory	Input files	O antigen prediction	H1 antigen prediction(fliC)	H2 antigen prediction(fljB)	Predicted identification	Predicted antigenic profile	Predicted serotype	Note
SRR7178194	/storage/group/evk5387/default/sophia_kenney/dogsalmonella/2.0-sero/seqsero/SRR7178194_seqsero	SRR7178194_assembly.fasta	9	g,m	-	Salmonella enterica subspecies enterica (subspecies I)	9:g,m:-	Enteritidis	Detected Sdf I that is characteristic of commonly circulating strains of serotype Enteritidis. 
Sample name	Output directory	Input files	O antigen prediction	H1 antigen prediction(fliC)	H2 antigen prediction(fljB)	Predicted identification	Predicted antigenic profile	Predicted serotype	Note
SRR7178256	/storage/group/evk5387/default/sophia_kenney/dogsalmonella/2.0-sero/seqsero/SRR7178256_seqsero	SRR7178256_assembly.fasta	-	e,h	1,2	Salmonella enterica subspecies enterica (subspecies I)	-:e,h:1,2	I -:e,h:1,2	O antigen was not detected. This result may be due to a rough strain that has deleted the rfb region. For raw reads input, the k-mer workflow is sometimes more sensitive than the microassembly workflow in detecting O antigen. Caution should be used with this approach because the k-mer result may be due to low levels of contamination. 
Sample name	Output directory	Input files	O antigen prediction	H1 antigen prediction(fliC)	H2 antigen prediction(fljB)	Predicted identification	Predicted antigenic profile	Predicted serotype	Note
SRR7178257	/storage/group/evk5387/default/sophia_kenney/dogsalmonella/2.0-sero/seqsero/SRR7178257_seqsero	SRR7178257_assembly.fasta	4	i	-	Salmonella enterica subspecies enterica (subspecies I)	4:i:-	I 4,[5],12:i:-	
Sample name	Output directory	Input files	O antigen prediction	H1 antigen prediction(fliC)	H2 antigen prediction(fljB)	Predicted identification	Predicted antigenic profile	Predicted serotype	Note
SRR7262085	/storage/group/evk5387/default/sophia_kenney/dogsalmonella/2.0-sero/seqsero/SRR7262085_seqsero	SRR7262085_assembly.fasta	7	m,t	-	Salmonella enterica subspecies enterica (subspecies I)	7:m,t:-	Oranienburg	
Sample name	Output directory	Input files	O antigen prediction	H1 antigen prediction(fliC)	H2 antigen prediction(fljB)	Predicted identification	Predicted antigenic profile	Predicted serotype	Note
SRR7262086	/storage/group/evk5387/default/sophia_kenney/dogsalmonella/2.0-sero/seqsero/SRR7262086_seqsero	SRR7262086_assembly.fasta	9	g,m	-	Salmonella enterica subspecies enterica (subspecies I)	9:g,m:-	Enteritidis	Detected Sdf I that is characteristic of commonly circulating strains of serotype Enteritidis. 
Sample name	Output directory	Input files	O antigen prediction	H1 antigen prediction(fliC)	H2 antigen prediction(fljB)	Predicted identification	Predicted antigenic profile	Predicted serotype	Note
SRR7262137	/storage/group/evk5387/default/sophia_kenney/dogsalmonella/2.0-sero/seqsero/SRR7262137_seqsero	SRR7262137_assembly.fasta	4	i	-	Salmonella enterica subspecies enterica (subspecies I)	4:i:-	I 4,[5],12:i:-	
Sample name	Output directory	Input files	O antigen prediction	H1 antigen prediction(fliC)	H2 antigen prediction(fljB)	Predicted identification	Predicted antigenic profile	Predicted serotype	Note
SRR7262441	/storage/group/evk5387/default/sophia_kenney/dogsalmonella/2.0-sero/seqsero/SRR7262441_seqsero	SRR7262441_assembly.fasta	9	g,m	-	Salmonella enterica subspecies enterica (subspecies I)	9:g,m:-	Enteritidis	Detected Sdf I that is characteristic of commonly circulating strains of serotype Enteritidis. 
Sample name	Output directory	Input files	O antigen prediction	H1 antigen prediction(fliC)	H2 antigen prediction(fljB)	Predicted identification	Predicted antigenic profile	Predicted serotype	Note
SRR7262457	/storage/group/evk5387/default/sophia_kenney/dogsalmonella/2.0-sero/seqsero/SRR7262457_seqsero	SRR7262457_assembly.fasta	9	g,m	-	Salmonella enterica subspecies enterica (subspecies I)	9:g,m:-	Enteritidis	Detected Sdf I that is characteristic of commonly circulating strains of serotype Enteritidis. 
Sample name	Output directory	Input files	O antigen prediction	H1 antigen prediction(fliC)	H2 antigen prediction(fljB)	Predicted identification	Predicted antigenic profile	Predicted serotype	Note
SRR7262459	/storage/group/evk5387/default/sophia_kenney/dogsalmonella/2.0-sero/seqsero/SRR7262459_seqsero	SRR7262459_assembly.fasta	9	g,m	-	Salmonella enterica subspecies enterica (subspecies I)	9:g,m:-	Enteritidis	Detected Sdf I that is characteristic of commonly circulating strains of serotype Enteritidis. 
Sample name	Output directory	Input files	O antigen prediction	H1 antigen prediction(fliC)	H2 antigen prediction(fljB)	Predicted identification	Predicted antigenic profile	Predicted serotype	Note
SRR7262556	/storage/group/evk5387/default/sophia_kenney/dogsalmonella/2.0-sero/seqsero/SRR7262556_seqsero	SRR7262556_assembly.fasta	4	i	-	Salmonella enterica subspecies enterica (subspecies I)	4:i:-	I 4,[5],12:i:-	
Sample name	Output directory	Input files	O antigen prediction	H1 antigen prediction(fliC)	H2 antigen prediction(fljB)	Predicted identification	Predicted antigenic profile	Predicted serotype	Note
SRR7262559	/storage/group/evk5387/default/sophia_kenney/dogsalmonella/2.0-sero/seqsero/SRR7262559_seqsero	SRR7262559_assembly.fasta	9	g,m	-	Salmonella enterica subspecies enterica (subspecies I)	9:g,m:-	Enteritidis	Detected Sdf I that is characteristic of commonly circulating strains of serotype Enteritidis. 
Sample name	Output directory	Input files	O antigen prediction	H1 antigen prediction(fliC)	H2 antigen prediction(fljB)	Predicted identification	Predicted antigenic profile	Predicted serotype	Note
SRR7262560	/storage/group/evk5387/default/sophia_kenney/dogsalmonella/2.0-sero/seqsero/SRR7262560_seqsero	SRR7262560_assembly.fasta	9	g,m	-	Salmonella enterica subspecies enterica (subspecies I)	9:g,m:-	Enteritidis	Detected Sdf I that is characteristic of commonly circulating strains of serotype Enteritidis. 
Sample name	Output directory	Input files	O antigen prediction	H1 antigen prediction(fliC)	H2 antigen prediction(fljB)	Predicted identification	Predicted antigenic profile	Predicted serotype	Note
SRR7262800	/storage/group/evk5387/default/sophia_kenney/dogsalmonella/2.0-sero/seqsero/SRR7262800_seqsero	SRR7262800_assembly.fasta	9	g,m	-	Salmonella enterica subspecies enterica (subspecies I)	9:g,m:-	Enteritidis	Detected Sdf I that is characteristic of commonly circulating strains of serotype Enteritidis. 
Sample name	Output directory	Input files	O antigen prediction	H1 antigen prediction(fliC)	H2 antigen prediction(fljB)	Predicted identification	Predicted antigenic profile	Predicted serotype	Note
SRR7262823	/storage/group/evk5387/default/sophia_kenney/dogsalmonella/2.0-sero/seqsero/SRR7262823_seqsero	SRR7262823_assembly.fasta	7	r	1,5	Salmonella enterica subspecies enterica (subspecies I)	7:r:1,5	Infantis	
Sample name	Output directory	Input files	O antigen prediction	H1 antigen prediction(fliC)	H2 antigen prediction(fljB)	Predicted identification	Predicted antigenic profile	Predicted serotype	Note
SRR7295352	/storage/group/evk5387/default/sophia_kenney/dogsalmonella/2.0-sero/seqsero/SRR7295352_seqsero	SRR7295352_assembly.fasta	3,10	e,h	1,5	Salmonella enterica subspecies enterica (subspecies I)	3,10:e,h:1,5	Muenster	
Sample name	Output directory	Input files	O antigen prediction	H1 antigen prediction(fliC)	H2 antigen prediction(fljB)	Predicted identification	Predicted antigenic profile	Predicted serotype	Note
SRR7295353	/storage/group/evk5387/default/sophia_kenney/dogsalmonella/2.0-sero/seqsero/SRR7295353_seqsero	SRR7295353_assembly.fasta	-	g,m	-	Salmonella enterica subspecies enterica (subspecies I)	-:g,m:-	I -:g,m:-	O antigen was not detected. This result may be due to a rough strain that has deleted the rfb region. For raw reads input, the k-mer workflow is sometimes more sensitive than the microassembly workflow in detecting O antigen. Caution should be used with this approach because the k-mer result may be due to low levels of contamination. 
Sample name	Output directory	Input files	O antigen prediction	H1 antigen prediction(fliC)	H2 antigen prediction(fljB)	Predicted identification	Predicted antigenic profile	Predicted serotype	Note
SRR7295354	/storage/group/evk5387/default/sophia_kenney/dogsalmonella/2.0-sero/seqsero/SRR7295354_seqsero	SRR7295354_assembly.fasta	9	g,m	-	Salmonella enterica subspecies enterica (subspecies I)	9:g,m:-	Enteritidis	Detected Sdf I that is characteristic of commonly circulating strains of serotype Enteritidis. 
Sample name	Output directory	Input files	O antigen prediction	H1 antigen prediction(fliC)	H2 antigen prediction(fljB)	Predicted identification	Predicted antigenic profile	Predicted serotype	Note
SRR7295355	/storage/group/evk5387/default/sophia_kenney/dogsalmonella/2.0-sero/seqsero/SRR7295355_seqsero	SRR7295355_assembly.fasta	9	g,m	-	Salmonella enterica subspecies enterica (subspecies I)	9:g,m:-	Enteritidis	Detected Sdf I that is characteristic of commonly circulating strains of serotype Enteritidis. 
Sample name	Output directory	Input files	O antigen prediction	H1 antigen prediction(fliC)	H2 antigen prediction(fljB)	Predicted identification	Predicted antigenic profile	Predicted serotype	Note
SRR7295371	/storage/group/evk5387/default/sophia_kenney/dogsalmonella/2.0-sero/seqsero/SRR7295371_seqsero	SRR7295371_assembly.fasta	9	g,m	-	Salmonella enterica subspecies enterica (subspecies I)	9:g,m:-	Enteritidis	Detected Sdf I that is characteristic of commonly circulating strains of serotype Enteritidis. 
Sample name	Output directory	Input files	O antigen prediction	H1 antigen prediction(fliC)	H2 antigen prediction(fljB)	Predicted identification	Predicted antigenic profile	Predicted serotype	Note
SRR7295903	/storage/group/evk5387/default/sophia_kenney/dogsalmonella/2.0-sero/seqsero/SRR7295903_seqsero	SRR7295903_assembly.fasta	4	i	1,2	Salmonella enterica subspecies enterica (subspecies I)	4:i:1,2	Typhimurium	
Sample name	Output directory	Input files	O antigen prediction	H1 antigen prediction(fliC)	H2 antigen prediction(fljB)	Predicted identification	Predicted antigenic profile	Predicted serotype	Note
SRR7295904	/storage/group/evk5387/default/sophia_kenney/dogsalmonella/2.0-sero/seqsero/SRR7295904_seqsero	SRR7295904_assembly.fasta	4	i	1,2	Salmonella enterica subspecies enterica (subspecies I)	4:i:1,2	Typhimurium	
Sample name	Output directory	Input files	O antigen prediction	H1 antigen prediction(fliC)	H2 antigen prediction(fljB)	Predicted identification	Predicted antigenic profile	Predicted serotype	Note
SRR7295942	/storage/group/evk5387/default/sophia_kenney/dogsalmonella/2.0-sero/seqsero/SRR7295942_seqsero	SRR7295942_assembly.fasta	4	i	1,2	Salmonella enterica subspecies enterica (subspecies I)	4:i:1,2	Typhimurium	Detected a deletion in gene oafA that causes O5- variant of Typhimurium. 
Sample name	Output directory	Input files	O antigen prediction	H1 antigen prediction(fliC)	H2 antigen prediction(fljB)	Predicted identification	Predicted antigenic profile	Predicted serotype	Note
SRR7297919	/storage/group/evk5387/default/sophia_kenney/dogsalmonella/2.0-sero/seqsero/SRR7297919_seqsero	SRR7297919_assembly.fasta	4	i	1,2	Salmonella enterica subspecies enterica (subspecies I)	4:i:1,2	Typhimurium	
Sample name	Output directory	Input files	O antigen prediction	H1 antigen prediction(fliC)	H2 antigen prediction(fljB)	Predicted identification	Predicted antigenic profile	Predicted serotype	Note
SRR7298832	/storage/group/evk5387/default/sophia_kenney/dogsalmonella/2.0-sero/seqsero/SRR7298832_seqsero	SRR7298832_assembly.fasta	9	g,m	-	Salmonella enterica subspecies enterica (subspecies I)	9:g,m:-	Enteritidis	Detected Sdf I that is characteristic of commonly circulating strains of serotype Enteritidis. 
Sample name	Output directory	Input files	O antigen prediction	H1 antigen prediction(fliC)	H2 antigen prediction(fljB)	Predicted identification	Predicted antigenic profile	Predicted serotype	Note
SRR7299099	/storage/group/evk5387/default/sophia_kenney/dogsalmonella/2.0-sero/seqsero/SRR7299099_seqsero	SRR7299099_assembly.fasta	9	g,m	-	Salmonella enterica subspecies enterica (subspecies I)	9:g,m:-	Enteritidis	Detected Sdf I that is characteristic of commonly circulating strains of serotype Enteritidis. 
Sample name	Output directory	Input files	O antigen prediction	H1 antigen prediction(fliC)	H2 antigen prediction(fljB)	Predicted identification	Predicted antigenic profile	Predicted serotype	Note
SRR7299163	/storage/group/evk5387/default/sophia_kenney/dogsalmonella/2.0-sero/seqsero/SRR7299163_seqsero	SRR7299163_assembly.fasta	9	g,m	-	Salmonella enterica subspecies enterica (subspecies I)	9:g,m:-	Enteritidis	Detected Sdf I that is characteristic of commonly circulating strains of serotype Enteritidis. 
Sample name	Output directory	Input files	O antigen prediction	H1 antigen prediction(fliC)	H2 antigen prediction(fljB)	Predicted identification	Predicted antigenic profile	Predicted serotype	Note
SRR7299213	/storage/group/evk5387/default/sophia_kenney/dogsalmonella/2.0-sero/seqsero/SRR7299213_seqsero	SRR7299213_assembly.fasta	9	g,m	-	Salmonella enterica subspecies enterica (subspecies I)	9:g,m:-	Enteritidis	Detected Sdf I that is characteristic of commonly circulating strains of serotype Enteritidis. 
Sample name	Output directory	Input files	O antigen prediction	H1 antigen prediction(fliC)	H2 antigen prediction(fljB)	Predicted identification	Predicted antigenic profile	Predicted serotype	Note
SRR7299223	/storage/group/evk5387/default/sophia_kenney/dogsalmonella/2.0-sero/seqsero/SRR7299223_seqsero	SRR7299223_assembly.fasta	7	r	1,5	Salmonella enterica subspecies enterica (subspecies I)	7:r:1,5	Infantis	
Sample name	Output directory	Input files	O antigen prediction	H1 antigen prediction(fliC)	H2 antigen prediction(fljB)	Predicted identification	Predicted antigenic profile	Predicted serotype	Note
SRR7299273	/storage/group/evk5387/default/sophia_kenney/dogsalmonella/2.0-sero/seqsero/SRR7299273_seqsero	SRR7299273_assembly.fasta	9	g,m	-	Salmonella enterica subspecies enterica (subspecies I)	9:g,m:-	Enteritidis	Detected Sdf I that is characteristic of commonly circulating strains of serotype Enteritidis. 
Sample name	Output directory	Input files	O antigen prediction	H1 antigen prediction(fliC)	H2 antigen prediction(fljB)	Predicted identification	Predicted antigenic profile	Predicted serotype	Note
SRR7299294	/storage/group/evk5387/default/sophia_kenney/dogsalmonella/2.0-sero/seqsero/SRR7299294_seqsero	SRR7299294_assembly.fasta	9	g,m	-	Salmonella enterica subspecies enterica (subspecies I)	9:g,m:-	Enteritidis	Detected Sdf I that is characteristic of commonly circulating strains of serotype Enteritidis. 
Sample name	Output directory	Input files	O antigen prediction	H1 antigen prediction(fliC)	H2 antigen prediction(fljB)	Predicted identification	Predicted antigenic profile	Predicted serotype	Note
SRR7299295	/storage/group/evk5387/default/sophia_kenney/dogsalmonella/2.0-sero/seqsero/SRR7299295_seqsero	SRR7299295_assembly.fasta	8	e,h	1,2	Salmonella enterica subspecies enterica (subspecies I)	8:e,h:1,2	Newport	
Sample name	Output directory	Input files	O antigen prediction	H1 antigen prediction(fliC)	H2 antigen prediction(fljB)	Predicted identification	Predicted antigenic profile	Predicted serotype	Note
SRR7299302	/storage/group/evk5387/default/sophia_kenney/dogsalmonella/2.0-sero/seqsero/SRR7299302_seqsero	SRR7299302_assembly.fasta	9	g,m	-	Salmonella enterica subspecies enterica (subspecies I)	9:g,m:-	Enteritidis	Detected Sdf I that is characteristic of commonly circulating strains of serotype Enteritidis. 
Sample name	Output directory	Input files	O antigen prediction	H1 antigen prediction(fliC)	H2 antigen prediction(fljB)	Predicted identification	Predicted antigenic profile	Predicted serotype	Note
SRR7299343	/storage/group/evk5387/default/sophia_kenney/dogsalmonella/2.0-sero/seqsero/SRR7299343_seqsero	SRR7299343_assembly.fasta	4	i	1,2	Salmonella enterica subspecies enterica (subspecies I)	4:i:1,2	Typhimurium	
Sample name	Output directory	Input files	O antigen prediction	H1 antigen prediction(fliC)	H2 antigen prediction(fljB)	Predicted identification	Predicted antigenic profile	Predicted serotype	Note
SRR7299347	/storage/group/evk5387/default/sophia_kenney/dogsalmonella/2.0-sero/seqsero/SRR7299347_seqsero	SRR7299347_assembly.fasta	4	i	1,2	Salmonella enterica subspecies enterica (subspecies I)	4:i:1,2	Typhimurium	
Sample name	Output directory	Input files	O antigen prediction	H1 antigen prediction(fliC)	H2 antigen prediction(fljB)	Predicted identification	Predicted antigenic profile	Predicted serotype	Note
SRR7299350	/storage/group/evk5387/default/sophia_kenney/dogsalmonella/2.0-sero/seqsero/SRR7299350_seqsero	SRR7299350_assembly.fasta	7	m,t	-	Salmonella enterica subspecies enterica (subspecies I)	7:m,t:-	Oranienburg	
Sample name	Output directory	Input files	O antigen prediction	H1 antigen prediction(fliC)	H2 antigen prediction(fljB)	Predicted identification	Predicted antigenic profile	Predicted serotype	Note
SRR7299351	/storage/group/evk5387/default/sophia_kenney/dogsalmonella/2.0-sero/seqsero/SRR7299351_seqsero	SRR7299351_assembly.fasta	7	r	1,5	Salmonella enterica subspecies enterica (subspecies I)	7:r:1,5	Infantis	
Sample name	Output directory	Input files	O antigen prediction	H1 antigen prediction(fliC)	H2 antigen prediction(fljB)	Predicted identification	Predicted antigenic profile	Predicted serotype	Note
SRR7299354	/storage/group/evk5387/default/sophia_kenney/dogsalmonella/2.0-sero/seqsero/SRR7299354_seqsero	SRR7299354_assembly.fasta	9	g,m	-	Salmonella enterica subspecies enterica (subspecies I)	9:g,m:-	Enteritidis	Detected Sdf I that is characteristic of commonly circulating strains of serotype Enteritidis. 
Sample name	Output directory	Input files	O antigen prediction	H1 antigen prediction(fliC)	H2 antigen prediction(fljB)	Predicted identification	Predicted antigenic profile	Predicted serotype	Note
SRR7299367	/storage/group/evk5387/default/sophia_kenney/dogsalmonella/2.0-sero/seqsero/SRR7299367_seqsero	SRR7299367_assembly.fasta	8	e,h	1,2	Salmonella enterica subspecies enterica (subspecies I)	8:e,h:1,2	Newport	
Sample name	Output directory	Input files	O antigen prediction	H1 antigen prediction(fliC)	H2 antigen prediction(fljB)	Predicted identification	Predicted antigenic profile	Predicted serotype	Note
SRR7299369	/storage/group/evk5387/default/sophia_kenney/dogsalmonella/2.0-sero/seqsero/SRR7299369_seqsero	SRR7299369_assembly.fasta	9	g,m	-	Salmonella enterica subspecies enterica (subspecies I)	9:g,m:-	Enteritidis	Detected Sdf I that is characteristic of commonly circulating strains of serotype Enteritidis. 
Sample name	Output directory	Input files	O antigen prediction	H1 antigen prediction(fliC)	H2 antigen prediction(fljB)	Predicted identification	Predicted antigenic profile	Predicted serotype	Note
SRR7299372	/storage/group/evk5387/default/sophia_kenney/dogsalmonella/2.0-sero/seqsero/SRR7299372_seqsero	SRR7299372_assembly.fasta	9	g,m	-	Salmonella enterica subspecies enterica (subspecies I)	9:g,m:-	Enteritidis	Detected Sdf I that is characteristic of commonly circulating strains of serotype Enteritidis. 
Sample name	Output directory	Input files	O antigen prediction	H1 antigen prediction(fliC)	H2 antigen prediction(fljB)	Predicted identification	Predicted antigenic profile	Predicted serotype	Note
SRR7299374	/storage/group/evk5387/default/sophia_kenney/dogsalmonella/2.0-sero/seqsero/SRR7299374_seqsero	SRR7299374_assembly.fasta	9	g,m	-	Salmonella enterica subspecies enterica (subspecies I)	9:g,m:-	Enteritidis	Detected Sdf I that is characteristic of commonly circulating strains of serotype Enteritidis. 
Sample name	Output directory	Input files	O antigen prediction	H1 antigen prediction(fliC)	H2 antigen prediction(fljB)	Predicted identification	Predicted antigenic profile	Predicted serotype	Note
SRR7345613	/storage/group/evk5387/default/sophia_kenney/dogsalmonella/2.0-sero/seqsero/SRR7345613_seqsero	SRR7345613_assembly.fasta	4	i	-	Salmonella enterica subspecies enterica (subspecies I)	4:i:-	I 4,[5],12:i:-	
Sample name	Output directory	Input files	O antigen prediction	H1 antigen prediction(fliC)	H2 antigen prediction(fljB)	Predicted identification	Predicted antigenic profile	Predicted serotype	Note
SRR7370082	/storage/group/evk5387/default/sophia_kenney/dogsalmonella/2.0-sero/seqsero/SRR7370082_seqsero	SRR7370082_assembly.fasta	9	g,m	-	Salmonella enterica subspecies enterica (subspecies I)	9:g,m:-	Enteritidis	Detected Sdf I that is characteristic of commonly circulating strains of serotype Enteritidis. 
Sample name	Output directory	Input files	O antigen prediction	H1 antigen prediction(fliC)	H2 antigen prediction(fljB)	Predicted identification	Predicted antigenic profile	Predicted serotype	Note
SRR7401068	/storage/group/evk5387/default/sophia_kenney/dogsalmonella/2.0-sero/seqsero/SRR7401068_seqsero	SRR7401068_assembly.fasta	4	i	1,2	Salmonella enterica subspecies enterica (subspecies I)	4:i:1,2	Typhimurium	
Sample name	Output directory	Input files	O antigen prediction	H1 antigen prediction(fliC)	H2 antigen prediction(fljB)	Predicted identification	Predicted antigenic profile	Predicted serotype	Note
SRR7643086	/storage/group/evk5387/default/sophia_kenney/dogsalmonella/2.0-sero/seqsero/SRR7643086_seqsero	SRR7643086_assembly.fasta	9	g,m	-	Salmonella enterica subspecies enterica (subspecies I)	9:g,m:-	Enteritidis	Detected Sdf I that is characteristic of commonly circulating strains of serotype Enteritidis. 
Sample name	Output directory	Input files	O antigen prediction	H1 antigen prediction(fliC)	H2 antigen prediction(fljB)	Predicted identification	Predicted antigenic profile	Predicted serotype	Note
SRR7643316	/storage/group/evk5387/default/sophia_kenney/dogsalmonella/2.0-sero/seqsero/SRR7643316_seqsero	SRR7643316_assembly.fasta	4	i	1,2	Salmonella enterica subspecies enterica (subspecies I)	4:i:1,2	Typhimurium	
Sample name	Output directory	Input files	O antigen prediction	H1 antigen prediction(fliC)	H2 antigen prediction(fljB)	Predicted identification	Predicted antigenic profile	Predicted serotype	Note
SRR8258218	/storage/group/evk5387/default/sophia_kenney/dogsalmonella/2.0-sero/seqsero/SRR8258218_seqsero	SRR8258218_assembly.fasta	4	e,h	-	Salmonella enterica subspecies enterica (subspecies I)	4:e,h:-	I 4:e,h:-	This predicted serotype is not in the Kauffman-White scheme. 
Sample name	Output directory	Input files	O antigen prediction	H1 antigen prediction(fliC)	H2 antigen prediction(fljB)	Predicted identification	Predicted antigenic profile	Predicted serotype	Note
SRR8360137	/storage/group/evk5387/default/sophia_kenney/dogsalmonella/2.0-sero/seqsero/SRR8360137_seqsero	SRR8360137_assembly.fasta	8	e,h	1,2	Salmonella enterica subspecies enterica (subspecies I)	8:e,h:1,2	Newport	
Sample name	Output directory	Input files	O antigen prediction	H1 antigen prediction(fliC)	H2 antigen prediction(fljB)	Predicted identification	Predicted antigenic profile	Predicted serotype	Note
SRR8502790	/storage/group/evk5387/default/sophia_kenney/dogsalmonella/2.0-sero/seqsero/SRR8502790_seqsero	SRR8502790_assembly.fasta	7	y	-	Salmonella enterica subspecies enterica (subspecies I)	7:y:-	I 7:y:-	This predicted serotype is not in the Kauffman-White scheme. 
Sample name	Output directory	Input files	O antigen prediction	H1 antigen prediction(fliC)	H2 antigen prediction(fljB)	Predicted identification	Predicted antigenic profile	Predicted serotype	Note
SRR8502829	/storage/group/evk5387/default/sophia_kenney/dogsalmonella/2.0-sero/seqsero/SRR8502829_seqsero	SRR8502829_assembly.fasta	4	i	1,2	Salmonella enterica subspecies enterica (subspecies I)	4:i:1,2	Typhimurium	
Sample name	Output directory	Input files	O antigen prediction	H1 antigen prediction(fliC)	H2 antigen prediction(fljB)	Predicted identification	Predicted antigenic profile	Predicted serotype	Note
SRR8728104	/storage/group/evk5387/default/sophia_kenney/dogsalmonella/2.0-sero/seqsero/SRR8728104_seqsero	SRR8728104_assembly.fasta	-	r	1,5	Salmonella enterica subspecies enterica (subspecies I)	-:r:1,5	I -:r:1,5	O antigen was not detected. This result may be due to a rough strain that has deleted the rfb region. For raw reads input, the k-mer workflow is sometimes more sensitive than the microassembly workflow in detecting O antigen. Caution should be used with this approach because the k-mer result may be due to low levels of contamination. 
Sample name	Output directory	Input files	O antigen prediction	H1 antigen prediction(fliC)	H2 antigen prediction(fljB)	Predicted identification	Predicted antigenic profile	Predicted serotype	Note
SRR9016864	/storage/group/evk5387/default/sophia_kenney/dogsalmonella/2.0-sero/seqsero/SRR9016864_seqsero	SRR9016864_assembly.fasta	8	e,h	1,2	Salmonella enterica subspecies enterica (subspecies I)	8:e,h:1,2	Newport	
Sample name	Output directory	Input files	O antigen prediction	H1 antigen prediction(fliC)	H2 antigen prediction(fljB)	Predicted identification	Predicted antigenic profile	Predicted serotype	Note
SRR9016866	/storage/group/evk5387/default/sophia_kenney/dogsalmonella/2.0-sero/seqsero/SRR9016866_seqsero	SRR9016866_assembly.fasta	4	r	1,2	Salmonella enterica subspecies enterica (subspecies I)	4:r:1,2	Heidelberg	
Sample name	Output directory	Input files	O antigen prediction	H1 antigen prediction(fliC)	H2 antigen prediction(fljB)	Predicted identification	Predicted antigenic profile	Predicted serotype	Note
SRR9050356	/storage/group/evk5387/default/sophia_kenney/dogsalmonella/2.0-sero/seqsero/SRR9050356_seqsero	SRR9050356_assembly.fasta	4	i	1,2	Salmonella enterica subspecies enterica (subspecies I)	4:i:1,2	Typhimurium	
Sample name	Output directory	Input files	O antigen prediction	H1 antigen prediction(fliC)	H2 antigen prediction(fljB)	Predicted identification	Predicted antigenic profile	Predicted serotype	Note
SRR9301052	/storage/group/evk5387/default/sophia_kenney/dogsalmonella/2.0-sero/seqsero/SRR9301052_seqsero	SRR9301052_assembly.fasta	9	g,p	-	Salmonella enterica subspecies enterica (subspecies I)	9:g,p:-	Dublin	
