cgmlst_ST	cgmlst_distance	cgmlst_found_loci	cgmlst_genome_match	cgmlst_matching_alleles	cgmlst_subspecies	fasta_filepath	genome	h1	h2	o_antigen	qc_messages	qc_status	serogroup	serovar	serovar_antigen	serovar_cgmlst
130016418	0.012121212121212088	330	2017-SEQ-0795	326	enterica	/storage/group/evk5387/default/sophia_kenney/dogsalmonella/1.0-assemb/unicycler/contigs/SRR10298819_assembly.fasta	SRR10298819_assembly	g,m	-	1,9,12	INFO: Number of cgMLST330 loci found (n=330)	PASS	D1	Enteritidis	Nitra|Gallinarum|Pullorum|Berta|Enteritidis|Blegdam|Gueuletapee|Naestved|Rostock|Hillingdon	Enteritidis
cgmlst_ST	cgmlst_distance	cgmlst_found_loci	cgmlst_genome_match	cgmlst_matching_alleles	cgmlst_subspecies	fasta_filepath	genome	h1	h2	o_antigen	qc_messages	qc_status	serogroup	serovar	serovar_antigen	serovar_cgmlst
851315401	0.030303030303030276	330	SRR1177557	320	enterica	/storage/group/evk5387/default/sophia_kenney/dogsalmonella/1.0-assemb/unicycler/contigs/SRR10512520_assembly.fasta	SRR10512520_assembly	y	e,n,x	6,7	INFO: Number of cgMLST330 loci found (n=330)	PASS	C1	Hartford	Hartford|Mikawasima|Herzliya	Hartford
cgmlst_ST	cgmlst_distance	cgmlst_found_loci	cgmlst_genome_match	cgmlst_matching_alleles	cgmlst_subspecies	fasta_filepath	genome	h1	h2	o_antigen	qc_messages	qc_status	serogroup	serovar	serovar_antigen	serovar_cgmlst
2394033741	0.030303030303030276	330	SRR3210383	320	enterica	/storage/group/evk5387/default/sophia_kenney/dogsalmonella/1.0-assemb/unicycler/contigs/SRR10963169_assembly.fasta	SRR10963169_assembly	e,h	1,6	6,7	INFO: Number of cgMLST330 loci found (n=330)	PASS	C1	Norwich	Norwich|Adamstua	Norwich
cgmlst_ST	cgmlst_distance	cgmlst_found_loci	cgmlst_genome_match	cgmlst_matching_alleles	cgmlst_subspecies	fasta_filepath	genome	h1	h2	o_antigen	qc_messages	qc_status	serogroup	serovar	serovar_antigen	serovar_cgmlst
3932527218	0.5333333333333333	330	SRR5057370	154	houtenae	/storage/group/evk5387/default/sophia_kenney/dogsalmonella/1.0-assemb/unicycler/contigs/SRR10995705_assembly.fasta	SRR10995705_assembly	z4,z32	-	43	INFO: Number of cgMLST330 loci found (n=330) | WARNING: Only matched 154 cgMLST330 loci. Min threshold for confident serovar prediction from cgMLST is 297.0	WARNING	U	IV 43:z4,z32:-	IV 43:z4,z32:-	IV 18:z36,z38:-
cgmlst_ST	cgmlst_distance	cgmlst_found_loci	cgmlst_genome_match	cgmlst_matching_alleles	cgmlst_subspecies	fasta_filepath	genome	h1	h2	o_antigen	qc_messages	qc_status	serogroup	serovar	serovar_antigen	serovar_cgmlst
1691111368	0.5303030303030303	330	SRR5057370	155	houtenae	/storage/group/evk5387/default/sophia_kenney/dogsalmonella/1.0-assemb/unicycler/contigs/SRR10995706_assembly.fasta	SRR10995706_assembly	z4,z32	-	43	INFO: Number of cgMLST330 loci found (n=330) | WARNING: Only matched 155 cgMLST330 loci. Min threshold for confident serovar prediction from cgMLST is 297.0	WARNING	U	IV 43:z4,z32:-	IV 43:z4,z32:-	IV 18:z36,z38:-
cgmlst_ST	cgmlst_distance	cgmlst_found_loci	cgmlst_genome_match	cgmlst_matching_alleles	cgmlst_subspecies	fasta_filepath	genome	h1	h2	o_antigen	qc_messages	qc_status	serogroup	serovar	serovar_antigen	serovar_cgmlst
1212600498	0.012121212121212088	330	SRR5006487	326	enterica	/storage/group/evk5387/default/sophia_kenney/dogsalmonella/1.0-assemb/unicycler/contigs/SRR11068400_assembly.fasta	SRR11068400_assembly	d	-	1,4,[5],12	INFO: Number of cgMLST330 loci found (n=330)	PASS	B	I 1,4,[5],12:d:-	I 1,4,[5],12:d:-	Schwarzengrund
cgmlst_ST	cgmlst_distance	cgmlst_found_loci	cgmlst_genome_match	cgmlst_matching_alleles	cgmlst_subspecies	fasta_filepath	genome	h1	h2	o_antigen	qc_messages	qc_status	serogroup	serovar	serovar_antigen	serovar_cgmlst
607908323	0.018181818181818188	330	SRR5060584	324	enterica	/storage/group/evk5387/default/sophia_kenney/dogsalmonella/1.0-assemb/unicycler/contigs/SRR11068401_assembly.fasta	SRR11068401_assembly	l,z28	-	-	INFO: Number of cgMLST330 loci found (n=330)	PASS	D1	I D1:l,z28:-	I D1:l,z28:-	Javiana
cgmlst_ST	cgmlst_distance	cgmlst_found_loci	cgmlst_genome_match	cgmlst_matching_alleles	cgmlst_subspecies	fasta_filepath	genome	h1	h2	o_antigen	qc_messages	qc_status	serogroup	serovar	serovar_antigen	serovar_cgmlst
3699960910	0.018181818181818188	330	SRR4000003	324	enterica	/storage/group/evk5387/default/sophia_kenney/dogsalmonella/1.0-assemb/unicycler/contigs/SRR11319451_assembly.fasta	SRR11319451_assembly	e,h	1,2	6,8,20	INFO: Number of cgMLST330 loci found (n=330)	PASS	C2-C3	Newport	Newport|Bardo|Ferruch|Kottbus	Newport
cgmlst_ST	cgmlst_distance	cgmlst_found_loci	cgmlst_genome_match	cgmlst_matching_alleles	cgmlst_subspecies	fasta_filepath	genome	h1	h2	o_antigen	qc_messages	qc_status	serogroup	serovar	serovar_antigen	serovar_cgmlst
1691111368	0.5303030303030303	330	SRR5057370	155	houtenae	/storage/group/evk5387/default/sophia_kenney/dogsalmonella/1.0-assemb/unicycler/contigs/SRR11319452_assembly.fasta	SRR11319452_assembly	z4,z32	-	43	INFO: Number of cgMLST330 loci found (n=330) | WARNING: Only matched 155 cgMLST330 loci. Min threshold for confident serovar prediction from cgMLST is 297.0	WARNING	U	IV 43:z4,z32:-	IV 43:z4,z32:-	IV 18:z36,z38:-
cgmlst_ST	cgmlst_distance	cgmlst_found_loci	cgmlst_genome_match	cgmlst_matching_alleles	cgmlst_subspecies	fasta_filepath	genome	h1	h2	o_antigen	qc_messages	qc_status	serogroup	serovar	serovar_antigen	serovar_cgmlst
1942212201	0.009090909090909038	330	SRR2587158	327	enterica	/storage/group/evk5387/default/sophia_kenney/dogsalmonella/1.0-assemb/unicycler/contigs/SRR12271055_assembly.fasta	SRR12271055_assembly	d	1,7	1,4,12,27	INFO: Number of cgMLST330 loci found (n=330)	PASS	B	Schwarzengrund	Schwarzengrund	Schwarzengrund
cgmlst_ST	cgmlst_distance	cgmlst_found_loci	cgmlst_genome_match	cgmlst_matching_alleles	cgmlst_subspecies	fasta_filepath	genome	h1	h2	o_antigen	qc_messages	qc_status	serogroup	serovar	serovar_antigen	serovar_cgmlst
51134071	0.018181818181818188	330	2017-SEQ-0832	324	enterica	/storage/group/evk5387/default/sophia_kenney/dogsalmonella/1.0-assemb/unicycler/contigs/SRR12641661_assembly.fasta	SRR12641661_assembly	g,m	-	1,9,12	INFO: Number of cgMLST330 loci found (n=330)	PASS	D1	Enteritidis	Nitra|Gallinarum|Pullorum|Berta|Enteritidis|Blegdam|Gueuletapee|Naestved|Rostock|Hillingdon	Enteritidis
cgmlst_ST	cgmlst_distance	cgmlst_found_loci	cgmlst_genome_match	cgmlst_matching_alleles	cgmlst_subspecies	fasta_filepath	genome	h1	h2	o_antigen	qc_messages	qc_status	serogroup	serovar	serovar_antigen	serovar_cgmlst
1640990327	0.015151515151515138	330	SRR1106600	325	enterica	/storage/group/evk5387/default/sophia_kenney/dogsalmonella/1.0-assemb/unicycler/contigs/SRR12739110_assembly.fasta	SRR12739110_assembly	e,h	1,6	3,{10}{15}{15,34}	INFO: Number of cgMLST330 loci found (n=330)	PASS	E1	Anatum	Anatum|Hayindogo	Anatum
cgmlst_ST	cgmlst_distance	cgmlst_found_loci	cgmlst_genome_match	cgmlst_matching_alleles	cgmlst_subspecies	fasta_filepath	genome	h1	h2	o_antigen	qc_messages	qc_status	serogroup	serovar	serovar_antigen	serovar_cgmlst
469152387	0.030303030303030276	330	SRR4012831	320	enterica	/storage/group/evk5387/default/sophia_kenney/dogsalmonella/1.0-assemb/unicycler/contigs/SRR13510233_assembly.fasta	SRR13510233_assembly	k	1,6	38	INFO: Number of cgMLST330 loci found (n=330)	PASS	P	Inverness	Inverness	Inverness
cgmlst_ST	cgmlst_distance	cgmlst_found_loci	cgmlst_genome_match	cgmlst_matching_alleles	cgmlst_subspecies	fasta_filepath	genome	h1	h2	o_antigen	qc_messages	qc_status	serogroup	serovar	serovar_antigen	serovar_cgmlst
1512411409	0.021212121212121238	330	2015-SEQ-0618	323	enterica	/storage/group/evk5387/default/sophia_kenney/dogsalmonella/1.0-assemb/unicycler/contigs/SRR13827088_assembly.fasta	SRR13827088_assembly	i	1,2	1,4,[5],12	INFO: Number of cgMLST330 loci found (n=330)	PASS	B	Typhimurium	Typhimurium|Lagos	Typhimurium
cgmlst_ST	cgmlst_distance	cgmlst_found_loci	cgmlst_genome_match	cgmlst_matching_alleles	cgmlst_subspecies	fasta_filepath	genome	h1	h2	o_antigen	qc_messages	qc_status	serogroup	serovar	serovar_antigen	serovar_cgmlst
705500051	0.009090909090909038	330	SRR3933145	327	enterica	/storage/group/evk5387/default/sophia_kenney/dogsalmonella/1.0-assemb/unicycler/contigs/SRR13827091_assembly.fasta	SRR13827091_assembly	e,h	1,6	3,{10}{15}{15,34}	INFO: Number of cgMLST330 loci found (n=330)	PASS	E1	Anatum	Anatum|Hayindogo	Anatum
cgmlst_ST	cgmlst_distance	cgmlst_found_loci	cgmlst_genome_match	cgmlst_matching_alleles	cgmlst_subspecies	fasta_filepath	genome	h1	h2	o_antigen	qc_messages	qc_status	serogroup	serovar	serovar_antigen	serovar_cgmlst
2489761471	0.021212121212121238	330	SRR1635096	323	enterica	/storage/group/evk5387/default/sophia_kenney/dogsalmonella/1.0-assemb/unicycler/contigs/SRR13827092_assembly.fasta	SRR13827092_assembly	e,h	1,2	6,8,20	INFO: Number of cgMLST330 loci found (n=330)	PASS	C2-C3	Newport	Newport|Bardo|Ferruch|Kottbus	Newport
cgmlst_ST	cgmlst_distance	cgmlst_found_loci	cgmlst_genome_match	cgmlst_matching_alleles	cgmlst_subspecies	fasta_filepath	genome	h1	h2	o_antigen	qc_messages	qc_status	serogroup	serovar	serovar_antigen	serovar_cgmlst
3512080304	0.021212121212121238	330	2018-SEQ-0604	323	enterica	/storage/group/evk5387/default/sophia_kenney/dogsalmonella/1.0-assemb/unicycler/contigs/SRR14095472_assembly.fasta	SRR14095472_assembly	i	1,2	1,4,[5],12	INFO: Number of cgMLST330 loci found (n=330)	PASS	B	Typhimurium	Typhimurium|Lagos	Typhimurium
cgmlst_ST	cgmlst_distance	cgmlst_found_loci	cgmlst_genome_match	cgmlst_matching_alleles	cgmlst_subspecies	fasta_filepath	genome	h1	h2	o_antigen	qc_messages	qc_status	serogroup	serovar	serovar_antigen	serovar_cgmlst
507058645	0.021212121212121238	330	SRR4342960	323	enterica	/storage/group/evk5387/default/sophia_kenney/dogsalmonella/1.0-assemb/unicycler/contigs/SRR14466819_assembly.fasta	SRR14466819_assembly	y	e,n,x	6,7	INFO: Number of cgMLST330 loci found (n=330)	PASS	C1	Hartford	Hartford|Mikawasima|Herzliya	Hartford
cgmlst_ST	cgmlst_distance	cgmlst_found_loci	cgmlst_genome_match	cgmlst_matching_alleles	cgmlst_subspecies	fasta_filepath	genome	h1	h2	o_antigen	qc_messages	qc_status	serogroup	serovar	serovar_antigen	serovar_cgmlst
	0.018181818181818188	329	2017-SEQ-0795	324	enterica	/storage/group/evk5387/default/sophia_kenney/dogsalmonella/1.0-assemb/unicycler/contigs/SRR14704455_assembly.fasta	SRR14704455_assembly	g,m	-	1,9,12	INFO: Number of cgMLST330 loci found (n=329)	PASS	D1	Enteritidis	Nitra|Gallinarum|Pullorum|Berta|Enteritidis|Blegdam|Gueuletapee|Naestved|Rostock|Hillingdon	Enteritidis
cgmlst_ST	cgmlst_distance	cgmlst_found_loci	cgmlst_genome_match	cgmlst_matching_alleles	cgmlst_subspecies	fasta_filepath	genome	h1	h2	o_antigen	qc_messages	qc_status	serogroup	serovar	serovar_antigen	serovar_cgmlst
4040399284	0.027272727272727226	330	SRR1528506	321	enterica	/storage/group/evk5387/default/sophia_kenney/dogsalmonella/1.0-assemb/unicycler/contigs/SRR15050789_assembly.fasta	SRR15050789_assembly	e,h	1,2	6,8,20	INFO: Number of cgMLST330 loci found (n=330)	PASS	C2-C3	Newport	Newport|Bardo|Ferruch|Kottbus	Newport
cgmlst_ST	cgmlst_distance	cgmlst_found_loci	cgmlst_genome_match	cgmlst_matching_alleles	cgmlst_subspecies	fasta_filepath	genome	h1	h2	o_antigen	qc_messages	qc_status	serogroup	serovar	serovar_antigen	serovar_cgmlst
3455786956	0.027272727272727226	330	SRR4048901	321	enterica	/storage/group/evk5387/default/sophia_kenney/dogsalmonella/1.0-assemb/unicycler/contigs/SRR15050790_assembly.fasta	SRR15050790_assembly	i	-	1,4,[5],12	INFO: Number of cgMLST330 loci found (n=330)	PASS	B	I 1,4,[5],12:i:-	I 1,4,[5],12:i:-	Typhimurium
cgmlst_ST	cgmlst_distance	cgmlst_found_loci	cgmlst_genome_match	cgmlst_matching_alleles	cgmlst_subspecies	fasta_filepath	genome	h1	h2	o_antigen	qc_messages	qc_status	serogroup	serovar	serovar_antigen	serovar_cgmlst
	0.048484848484848464	329	SRR1206217	314	enterica	/storage/group/evk5387/default/sophia_kenney/dogsalmonella/1.0-assemb/unicycler/contigs/SRR15050791_assembly.fasta	SRR15050791_assembly	e,h	1,6	3,{10}{15}{15,34}	FAIL: Wzx/Wzy genes missing. Cannot determine O-antigen group/serogroup. Cannot accurately predict serovar from antigen genes. | INFO: Number of cgMLST330 loci found (n=329)	FAIL	-	Anatum	Eko|Norwich|Cremieu|Anatum|Hayindogo|Adamstua|Willemstad|Magumeri|Astridplein|Butare|Rossleben	Anatum
cgmlst_ST	cgmlst_distance	cgmlst_found_loci	cgmlst_genome_match	cgmlst_matching_alleles	cgmlst_subspecies	fasta_filepath	genome	h1	h2	o_antigen	qc_messages	qc_status	serogroup	serovar	serovar_antigen	serovar_cgmlst
	0.027272727272727226	329	SRR4293042	321	enterica	/storage/group/evk5387/default/sophia_kenney/dogsalmonella/1.0-assemb/unicycler/contigs/SRR15103296_assembly.fasta	SRR15103296_assembly	r	1,5	6,7,14	INFO: Number of cgMLST330 loci found (n=329)	PASS	C1	Infantis	Virchow|Infantis|Senegal	Infantis
cgmlst_ST	cgmlst_distance	cgmlst_found_loci	cgmlst_genome_match	cgmlst_matching_alleles	cgmlst_subspecies	fasta_filepath	genome	h1	h2	o_antigen	qc_messages	qc_status	serogroup	serovar	serovar_antigen	serovar_cgmlst
2176555074	0.015151515151515138	330	SRR1965635	325	enterica	/storage/group/evk5387/default/sophia_kenney/dogsalmonella/1.0-assemb/unicycler/contigs/SRR15146556_assembly.fasta	SRR15146556_assembly	g,m	-	1,13,23	INFO: Number of cgMLST330 loci found (n=330)	PASS	G	Agbeni	Bron|Agbeni	Agbeni
cgmlst_ST	cgmlst_distance	cgmlst_found_loci	cgmlst_genome_match	cgmlst_matching_alleles	cgmlst_subspecies	fasta_filepath	genome	h1	h2	o_antigen	qc_messages	qc_status	serogroup	serovar	serovar_antigen	serovar_cgmlst
1099962650	0.015151515151515138	330	2017-MER-0639	325	enterica	/storage/group/evk5387/default/sophia_kenney/dogsalmonella/1.0-assemb/unicycler/contigs/SRR15277966_assembly.fasta	SRR15277966_assembly	r	1,5	6,7,14	INFO: Number of cgMLST330 loci found (n=330)	PASS	C1	Infantis	Virchow|Infantis|Senegal	Infantis
cgmlst_ST	cgmlst_distance	cgmlst_found_loci	cgmlst_genome_match	cgmlst_matching_alleles	cgmlst_subspecies	fasta_filepath	genome	h1	h2	o_antigen	qc_messages	qc_status	serogroup	serovar	serovar_antigen	serovar_cgmlst
835274716	0.018181818181818188	330	SRR1411127	324	enterica	/storage/group/evk5387/default/sophia_kenney/dogsalmonella/1.0-assemb/unicycler/contigs/SRR15712211_assembly.fasta	SRR15712211_assembly	e,h	1,2	6,8,20	INFO: Number of cgMLST330 loci found (n=330)	PASS	C2-C3	Newport	Newport|Bardo|Ferruch|Kottbus	Newport
cgmlst_ST	cgmlst_distance	cgmlst_found_loci	cgmlst_genome_match	cgmlst_matching_alleles	cgmlst_subspecies	fasta_filepath	genome	h1	h2	o_antigen	qc_messages	qc_status	serogroup	serovar	serovar_antigen	serovar_cgmlst
1191434606	0.31818181818181823	330	SRR1965293	225	enterica	/storage/group/evk5387/default/sophia_kenney/dogsalmonella/1.0-assemb/unicycler/contigs/SRR16005866_assembly.fasta	SRR16005866_assembly	r	1,5	6,7,14	INFO: Number of cgMLST330 loci found (n=330) | WARNING: Only matched 225 cgMLST330 loci. Min threshold for confident serovar prediction from cgMLST is 297.0	WARNING	C1	Infantis	Virchow|Infantis|Senegal	Infantis
cgmlst_ST	cgmlst_distance	cgmlst_found_loci	cgmlst_genome_match	cgmlst_matching_alleles	cgmlst_subspecies	fasta_filepath	genome	h1	h2	o_antigen	qc_messages	qc_status	serogroup	serovar	serovar_antigen	serovar_cgmlst
2489761471	0.021212121212121238	330	SRR1635096	323	enterica	/storage/group/evk5387/default/sophia_kenney/dogsalmonella/1.0-assemb/unicycler/contigs/SRR16005867_assembly.fasta	SRR16005867_assembly	e,h	1,2	6,8,20	INFO: Number of cgMLST330 loci found (n=330)	PASS	C2-C3	Newport	Newport|Bardo|Ferruch|Kottbus	Newport
cgmlst_ST	cgmlst_distance	cgmlst_found_loci	cgmlst_genome_match	cgmlst_matching_alleles	cgmlst_subspecies	fasta_filepath	genome	h1	h2	o_antigen	qc_messages	qc_status	serogroup	serovar	serovar_antigen	serovar_cgmlst
922562190	0.030303030303030276	330	SRR4293179	320	enterica	/storage/group/evk5387/default/sophia_kenney/dogsalmonella/1.0-assemb/unicycler/contigs/SRR16005869_assembly.fasta	SRR16005869_assembly	d	1,2	6,8	INFO: Number of cgMLST330 loci found (n=330)	PASS	C2-C3	Muenchen	Muenchen|Virginia|Manhattan|Yovokome	Muenchen
cgmlst_ST	cgmlst_distance	cgmlst_found_loci	cgmlst_genome_match	cgmlst_matching_alleles	cgmlst_subspecies	fasta_filepath	genome	h1	h2	o_antigen	qc_messages	qc_status	serogroup	serovar	serovar_antigen	serovar_cgmlst
	0.036363636363636376	326	2017-MER-0639	318	enterica	/storage/group/evk5387/default/sophia_kenney/dogsalmonella/1.0-assemb/unicycler/contigs/SRR16005870_assembly.fasta	SRR16005870_assembly	r	1,5	6,7,14	INFO: Number of cgMLST330 loci found (n=326)	PASS	C1	Infantis	Virchow|Infantis|Senegal	Infantis
cgmlst_ST	cgmlst_distance	cgmlst_found_loci	cgmlst_genome_match	cgmlst_matching_alleles	cgmlst_subspecies	fasta_filepath	genome	h1	h2	o_antigen	qc_messages	qc_status	serogroup	serovar	serovar_antigen	serovar_cgmlst
1729107235	0.012121212121212088	330	SRR3933145	326	enterica	/storage/group/evk5387/default/sophia_kenney/dogsalmonella/1.0-assemb/unicycler/contigs/SRR16506860_assembly.fasta	SRR16506860_assembly	e,h	1,6	3,{10}{15}{15,34}	INFO: Number of cgMLST330 loci found (n=330)	PASS	E1	Anatum	Anatum|Hayindogo	Anatum
cgmlst_ST	cgmlst_distance	cgmlst_found_loci	cgmlst_genome_match	cgmlst_matching_alleles	cgmlst_subspecies	fasta_filepath	genome	h1	h2	o_antigen	qc_messages	qc_status	serogroup	serovar	serovar_antigen	serovar_cgmlst
169202653	0.00303030303030305	330	SRR5253422	329	houtenae	/storage/group/evk5387/default/sophia_kenney/dogsalmonella/1.0-assemb/unicycler/contigs/SRR16965273_assembly.fasta	SRR16965273_assembly	g,z51	-	-	INFO: Number of cgMLST330 loci found (n=330)	PASS	Y	IV Y:g,z51:-	IV Y:g,z51:-	IV 48:g,z51:-
cgmlst_ST	cgmlst_distance	cgmlst_found_loci	cgmlst_genome_match	cgmlst_matching_alleles	cgmlst_subspecies	fasta_filepath	genome	h1	h2	o_antigen	qc_messages	qc_status	serogroup	serovar	serovar_antigen	serovar_cgmlst
	0.021212121212121238	329	2018-SEQ-0351	323	enterica	/storage/group/evk5387/default/sophia_kenney/dogsalmonella/1.0-assemb/unicycler/contigs/SRR17115413_assembly.fasta	SRR17115413_assembly	g,p	-	1,9,12[Vi]	INFO: Number of cgMLST330 loci found (n=329)	PASS	D1	Dublin	Kiel|Dublin	Dublin
cgmlst_ST	cgmlst_distance	cgmlst_found_loci	cgmlst_genome_match	cgmlst_matching_alleles	cgmlst_subspecies	fasta_filepath	genome	h1	h2	o_antigen	qc_messages	qc_status	serogroup	serovar	serovar_antigen	serovar_cgmlst
3676156219	0.0060606060606061	330	SRR1616723	328	enterica	/storage/group/evk5387/default/sophia_kenney/dogsalmonella/1.0-assemb/unicycler/contigs/SRR17230658_assembly.fasta	SRR17230658_assembly	m,t	-	6,7,14	INFO: Number of cgMLST330 loci found (n=330)	PASS	C1	Oranienburg	Othmarschen|Haelsingborg|Oranienburg|Moers	Oranienburg
cgmlst_ST	cgmlst_distance	cgmlst_found_loci	cgmlst_genome_match	cgmlst_matching_alleles	cgmlst_subspecies	fasta_filepath	genome	h1	h2	o_antigen	qc_messages	qc_status	serogroup	serovar	serovar_antigen	serovar_cgmlst
718431006	0.021212121212121238	330	SRR1030844	323	enterica	/storage/group/evk5387/default/sophia_kenney/dogsalmonella/1.0-assemb/unicycler/contigs/SRR17468272_assembly.fasta	SRR17468272_assembly	e,h	1,2	6,8,20	INFO: Number of cgMLST330 loci found (n=330)	PASS	C2-C3	Newport	Newport|Bardo|Ferruch|Kottbus	Newport
cgmlst_ST	cgmlst_distance	cgmlst_found_loci	cgmlst_genome_match	cgmlst_matching_alleles	cgmlst_subspecies	fasta_filepath	genome	h1	h2	o_antigen	qc_messages	qc_status	serogroup	serovar	serovar_antigen	serovar_cgmlst
2521507263	0.021212121212121238	330	2017-MER-0639	323	enterica	/storage/group/evk5387/default/sophia_kenney/dogsalmonella/1.0-assemb/unicycler/contigs/SRR17468275_assembly.fasta	SRR17468275_assembly	r	1,5	6,7,14	INFO: Number of cgMLST330 loci found (n=330)	PASS	C1	Infantis	Virchow|Infantis|Senegal	Infantis
cgmlst_ST	cgmlst_distance	cgmlst_found_loci	cgmlst_genome_match	cgmlst_matching_alleles	cgmlst_subspecies	fasta_filepath	genome	h1	h2	o_antigen	qc_messages	qc_status	serogroup	serovar	serovar_antigen	serovar_cgmlst
3519183330	0.021212121212121238	330	SRR2567010	323	enterica	/storage/group/evk5387/default/sophia_kenney/dogsalmonella/1.0-assemb/unicycler/contigs/SRR17518188_assembly.fasta	SRR17518188_assembly	l,v	1,2	6,8	INFO: Number of cgMLST330 loci found (n=330)	PASS	C2-C3	Litchfield	Litchfield|Pakistan|Loanda|Fayed|Hiduddify	Litchfield
cgmlst_ST	cgmlst_distance	cgmlst_found_loci	cgmlst_genome_match	cgmlst_matching_alleles	cgmlst_subspecies	fasta_filepath	genome	h1	h2	o_antigen	qc_messages	qc_status	serogroup	serovar	serovar_antigen	serovar_cgmlst
3651561133	0.012121212121212088	330	SRR2533533	326	enterica	/storage/group/evk5387/default/sophia_kenney/dogsalmonella/1.0-assemb/unicycler/contigs/SRR17720340_assembly.fasta	SRR17720340_assembly	g,m,s	-	6,7,14,[54]	INFO: Number of cgMLST330 loci found (n=330)	PASS	C1	Montevideo	Montevideo|Othmarschen|Plumaugat	Montevideo
cgmlst_ST	cgmlst_distance	cgmlst_found_loci	cgmlst_genome_match	cgmlst_matching_alleles	cgmlst_subspecies	fasta_filepath	genome	h1	h2	o_antigen	qc_messages	qc_status	serogroup	serovar	serovar_antigen	serovar_cgmlst
472865313	0.033333333333333326	330	SRR1177211	319	enterica	/storage/group/evk5387/default/sophia_kenney/dogsalmonella/1.0-assemb/unicycler/contigs/SRR17913424_assembly.fasta	SRR17913424_assembly	i	1,2	1,4,[5],12	INFO: Number of cgMLST330 loci found (n=330)	PASS	B	Typhimurium	Typhimurium|Lagos	Typhimurium
cgmlst_ST	cgmlst_distance	cgmlst_found_loci	cgmlst_genome_match	cgmlst_matching_alleles	cgmlst_subspecies	fasta_filepath	genome	h1	h2	o_antigen	qc_messages	qc_status	serogroup	serovar	serovar_antigen	serovar_cgmlst
1573280957	0.027272727272727226	330	SRR1177549	321	enterica	/storage/group/evk5387/default/sophia_kenney/dogsalmonella/1.0-assemb/unicycler/contigs/SRR18347376_assembly.fasta	SRR18347376_assembly	i	1,2	1,4,[5],12	INFO: Number of cgMLST330 loci found (n=330)	PASS	B	Typhimurium	Typhimurium|Lagos	Typhimurium
cgmlst_ST	cgmlst_distance	cgmlst_found_loci	cgmlst_genome_match	cgmlst_matching_alleles	cgmlst_subspecies	fasta_filepath	genome	h1	h2	o_antigen	qc_messages	qc_status	serogroup	serovar	serovar_antigen	serovar_cgmlst
2494902480	0.027272727272727226	330	2016-SEQ-0027	321	enterica	/storage/group/evk5387/default/sophia_kenney/dogsalmonella/1.0-assemb/unicycler/contigs/SRR18347377_assembly.fasta	SRR18347377_assembly	e,h	1,2	1,4,[5],12	INFO: Number of cgMLST330 loci found (n=330)	PASS	B	Saintpaul	Saintpaul|Reading	Saintpaul
cgmlst_ST	cgmlst_distance	cgmlst_found_loci	cgmlst_genome_match	cgmlst_matching_alleles	cgmlst_subspecies	fasta_filepath	genome	h1	h2	o_antigen	qc_messages	qc_status	serogroup	serovar	serovar_antigen	serovar_cgmlst
106640954	0.039393939393939426	330	17-3994	317	enterica	/storage/group/evk5387/default/sophia_kenney/dogsalmonella/1.0-assemb/unicycler/contigs/SRR18347379_assembly.fasta	SRR18347379_assembly	e,h	1,2	6,8,20	INFO: Number of cgMLST330 loci found (n=330)	PASS	C2-C3	Newport	Newport|Bardo|Ferruch|Kottbus	Newport
cgmlst_ST	cgmlst_distance	cgmlst_found_loci	cgmlst_genome_match	cgmlst_matching_alleles	cgmlst_subspecies	fasta_filepath	genome	h1	h2	o_antigen	qc_messages	qc_status	serogroup	serovar	serovar_antigen	serovar_cgmlst
	0.0636363636363636	325	SRR3185066	309	bongori	/storage/group/evk5387/default/sophia_kenney/dogsalmonella/1.0-assemb/unicycler/contigs/SRR18347383_assembly.fasta	SRR18347383_assembly	z81	-	48	FAIL: Wzx/Wzy genes missing. Cannot determine O-antigen group/serogroup. Cannot accurately predict serovar from antigen genes. | INFO: Number of cgMLST330 loci found (n=325)	FAIL	-	V 48:z81:-	V 66:z81:-|V 40:z81:-|V 48:z81:-	V 48:z81:-
cgmlst_ST	cgmlst_distance	cgmlst_found_loci	cgmlst_genome_match	cgmlst_matching_alleles	cgmlst_subspecies	fasta_filepath	genome	h1	h2	o_antigen	qc_messages	qc_status	serogroup	serovar	serovar_antigen	serovar_cgmlst
2027788367	0.012121212121212088	330	SRR2913301	326	enterica	/storage/group/evk5387/default/sophia_kenney/dogsalmonella/1.0-assemb/unicycler/contigs/SRR18890647_assembly.fasta	SRR18890647_assembly	e,h	1,2	6,8,20	INFO: Number of cgMLST330 loci found (n=330)	PASS	C2-C3	Newport	Newport|Bardo|Ferruch|Kottbus	Newport
cgmlst_ST	cgmlst_distance	cgmlst_found_loci	cgmlst_genome_match	cgmlst_matching_alleles	cgmlst_subspecies	fasta_filepath	genome	h1	h2	o_antigen	qc_messages	qc_status	serogroup	serovar	serovar_antigen	serovar_cgmlst
2789626291	0.018181818181818188	330	SRR2969498	324	enterica	/storage/group/evk5387/default/sophia_kenney/dogsalmonella/1.0-assemb/unicycler/contigs/SRR18963375_assembly.fasta	SRR18963375_assembly	b	1,5	1,13,23	INFO: Number of cgMLST330 loci found (n=330)	PASS	G	Mississippi	Ibadan|Mississippi	Mississippi
cgmlst_ST	cgmlst_distance	cgmlst_found_loci	cgmlst_genome_match	cgmlst_matching_alleles	cgmlst_subspecies	fasta_filepath	genome	h1	h2	o_antigen	qc_messages	qc_status	serogroup	serovar	serovar_antigen	serovar_cgmlst
333986582	0.030303030303030276	330	SRR3938672	320	enterica	/storage/group/evk5387/default/sophia_kenney/dogsalmonella/1.0-assemb/unicycler/contigs/SRR18963378_assembly.fasta	SRR18963378_assembly	z10	e,n,z15	6,7,14	INFO: Number of cgMLST330 loci found (n=330)	PASS	C1	Mbandaka	Djugu|Mbandaka|Telhashomer	Mbandaka
cgmlst_ST	cgmlst_distance	cgmlst_found_loci	cgmlst_genome_match	cgmlst_matching_alleles	cgmlst_subspecies	fasta_filepath	genome	h1	h2	o_antigen	qc_messages	qc_status	serogroup	serovar	serovar_antigen	serovar_cgmlst
	0.018181818181818188	329	2018-SEQ-0351	324	enterica	/storage/group/evk5387/default/sophia_kenney/dogsalmonella/1.0-assemb/unicycler/contigs/SRR19032716_assembly.fasta	SRR19032716_assembly	g,p	-	1,9,12[Vi]	INFO: Number of cgMLST330 loci found (n=329)	PASS	D1	Dublin	Kiel|Dublin	Dublin
cgmlst_ST	cgmlst_distance	cgmlst_found_loci	cgmlst_genome_match	cgmlst_matching_alleles	cgmlst_subspecies	fasta_filepath	genome	h1	h2	o_antigen	qc_messages	qc_status	serogroup	serovar	serovar_antigen	serovar_cgmlst
1186491945	0.018181818181818188	330	SRR4842196	324	enterica	/storage/group/evk5387/default/sophia_kenney/dogsalmonella/1.0-assemb/unicycler/contigs/SRR19317098_assembly.fasta	SRR19317098_assembly	r	1,5	6,7,14	INFO: Number of cgMLST330 loci found (n=330)	PASS	C1	Infantis	Virchow|Infantis|Senegal	Infantis
cgmlst_ST	cgmlst_distance	cgmlst_found_loci	cgmlst_genome_match	cgmlst_matching_alleles	cgmlst_subspecies	fasta_filepath	genome	h1	h2	o_antigen	qc_messages	qc_status	serogroup	serovar	serovar_antigen	serovar_cgmlst
643283865	0.009090909090909038	330	SRR1966396	327	enterica	/storage/group/evk5387/default/sophia_kenney/dogsalmonella/1.0-assemb/unicycler/contigs/SRR19317100_assembly.fasta	SRR19317100_assembly	m,t	-	6,7,14	INFO: Number of cgMLST330 loci found (n=330)	PASS	C1	Oranienburg	Othmarschen|Haelsingborg|Oranienburg|Moers	Oranienburg
cgmlst_ST	cgmlst_distance	cgmlst_found_loci	cgmlst_genome_match	cgmlst_matching_alleles	cgmlst_subspecies	fasta_filepath	genome	h1	h2	o_antigen	qc_messages	qc_status	serogroup	serovar	serovar_antigen	serovar_cgmlst
177937641	0.027272727272727226	330	2018-SEQ-0696	321	enterica	/storage/group/evk5387/default/sophia_kenney/dogsalmonella/1.0-assemb/unicycler/contigs/SRR19396452_assembly.fasta	SRR19396452_assembly	e,h	1,2	6,8,20	INFO: Number of cgMLST330 loci found (n=330)	PASS	C2-C3	Newport	Newport|Bardo|Ferruch|Kottbus	Newport
cgmlst_ST	cgmlst_distance	cgmlst_found_loci	cgmlst_genome_match	cgmlst_matching_alleles	cgmlst_subspecies	fasta_filepath	genome	h1	h2	o_antigen	qc_messages	qc_status	serogroup	serovar	serovar_antigen	serovar_cgmlst
530031728	0.015151515151515138	330	SRR1528506	325	enterica	/storage/group/evk5387/default/sophia_kenney/dogsalmonella/1.0-assemb/unicycler/contigs/SRR19396454_assembly.fasta	SRR19396454_assembly	e,h	1,2	6,8,20	INFO: Number of cgMLST330 loci found (n=330)	PASS	C2-C3	Newport	Newport|Bardo|Ferruch|Kottbus	Newport
cgmlst_ST	cgmlst_distance	cgmlst_found_loci	cgmlst_genome_match	cgmlst_matching_alleles	cgmlst_subspecies	fasta_filepath	genome	h1	h2	o_antigen	qc_messages	qc_status	serogroup	serovar	serovar_antigen	serovar_cgmlst
	0.021212121212121238	329	SRR4342961	323	enterica	/storage/group/evk5387/default/sophia_kenney/dogsalmonella/1.0-assemb/unicycler/contigs/SRR19396455_assembly.fasta	SRR19396455_assembly	y	e,n,x	6,7	INFO: Number of cgMLST330 loci found (n=329)	PASS	C1	Hartford	Hartford|Mikawasima|Herzliya	Hartford
cgmlst_ST	cgmlst_distance	cgmlst_found_loci	cgmlst_genome_match	cgmlst_matching_alleles	cgmlst_subspecies	fasta_filepath	genome	h1	h2	o_antigen	qc_messages	qc_status	serogroup	serovar	serovar_antigen	serovar_cgmlst
4188036933	0.024242424242424288	330	SRR4434285	322	enterica	/storage/group/evk5387/default/sophia_kenney/dogsalmonella/1.0-assemb/unicycler/contigs/SRR19431814_assembly.fasta	SRR19431814_assembly	r	1,5	6,7,14	INFO: Number of cgMLST330 loci found (n=330)	PASS	C1	Infantis	Virchow|Infantis|Senegal	Infantis
cgmlst_ST	cgmlst_distance	cgmlst_found_loci	cgmlst_genome_match	cgmlst_matching_alleles	cgmlst_subspecies	fasta_filepath	genome	h1	h2	o_antigen	qc_messages	qc_status	serogroup	serovar	serovar_antigen	serovar_cgmlst
108508671	0.030303030303030276	330	SRR1645369	320	enterica	/storage/group/evk5387/default/sophia_kenney/dogsalmonella/1.0-assemb/unicycler/contigs/SRR19431820_assembly.fasta	SRR19431820_assembly	i	1,2	1,4,[5],12	INFO: Number of cgMLST330 loci found (n=330)	PASS	B	Typhimurium	Typhimurium|Lagos	Typhimurium
cgmlst_ST	cgmlst_distance	cgmlst_found_loci	cgmlst_genome_match	cgmlst_matching_alleles	cgmlst_subspecies	fasta_filepath	genome	h1	h2	o_antigen	qc_messages	qc_status	serogroup	serovar	serovar_antigen	serovar_cgmlst
4066065401	0.0060606060606061	330	SRR1966396	328	enterica	/storage/group/evk5387/default/sophia_kenney/dogsalmonella/1.0-assemb/unicycler/contigs/SRR20231330_assembly.fasta	SRR20231330_assembly	m,t	-	6,7,14	INFO: Number of cgMLST330 loci found (n=330)	PASS	C1	Oranienburg	Othmarschen|Haelsingborg|Oranienburg|Moers	Oranienburg
cgmlst_ST	cgmlst_distance	cgmlst_found_loci	cgmlst_genome_match	cgmlst_matching_alleles	cgmlst_subspecies	fasta_filepath	genome	h1	h2	o_antigen	qc_messages	qc_status	serogroup	serovar	serovar_antigen	serovar_cgmlst
	0.018181818181818188	329	2018-CAL-0016	324	enterica	/storage/group/evk5387/default/sophia_kenney/dogsalmonella/1.0-assemb/unicycler/contigs/SRR22022009_assembly.fasta	SRR22022009_assembly	g,p	-	1,9,12[Vi]	INFO: Number of cgMLST330 loci found (n=329)	PASS	D1	Dublin	Kiel|Dublin	Dublin
cgmlst_ST	cgmlst_distance	cgmlst_found_loci	cgmlst_genome_match	cgmlst_matching_alleles	cgmlst_subspecies	fasta_filepath	genome	h1	h2	o_antigen	qc_messages	qc_status	serogroup	serovar	serovar_antigen	serovar_cgmlst
4138281533	0.05757575757575761	330	SRR1060705	311	enterica	/storage/group/evk5387/default/sophia_kenney/dogsalmonella/1.0-assemb/unicycler/contigs/SRR22129576_assembly.fasta	SRR22129576_assembly	r	e,n,x	11	INFO: Number of cgMLST330 loci found (n=330)	PASS	F	Rubislaw	Papuana|Rubislaw|Clanvillian	Rubislaw
cgmlst_ST	cgmlst_distance	cgmlst_found_loci	cgmlst_genome_match	cgmlst_matching_alleles	cgmlst_subspecies	fasta_filepath	genome	h1	h2	o_antigen	qc_messages	qc_status	serogroup	serovar	serovar_antigen	serovar_cgmlst
2140822416	0.021212121212121238	330	SRR2914284	323	enterica	/storage/group/evk5387/default/sophia_kenney/dogsalmonella/1.0-assemb/unicycler/contigs/SRR22129578_assembly.fasta	SRR22129578_assembly	e,h	1,2	6,8,20	INFO: Number of cgMLST330 loci found (n=330)	PASS	C2-C3	Newport	Newport|Bardo|Ferruch|Kottbus	Newport
cgmlst_ST	cgmlst_distance	cgmlst_found_loci	cgmlst_genome_match	cgmlst_matching_alleles	cgmlst_subspecies	fasta_filepath	genome	h1	h2	o_antigen	qc_messages	qc_status	serogroup	serovar	serovar_antigen	serovar_cgmlst
1928857680	0.021212121212121238	330	SRR1539592	323	enterica	/storage/group/evk5387/default/sophia_kenney/dogsalmonella/1.0-assemb/unicycler/contigs/SRR22857839_assembly.fasta	SRR22857839_assembly	e,h	1,2	6,8,20	INFO: Number of cgMLST330 loci found (n=330)	PASS	C2-C3	Newport	Newport|Bardo|Ferruch|Kottbus	Newport
cgmlst_ST	cgmlst_distance	cgmlst_found_loci	cgmlst_genome_match	cgmlst_matching_alleles	cgmlst_subspecies	fasta_filepath	genome	h1	h2	o_antigen	qc_messages	qc_status	serogroup	serovar	serovar_antigen	serovar_cgmlst
301425464	0.021212121212121238	330	SRR1539592	323	enterica	/storage/group/evk5387/default/sophia_kenney/dogsalmonella/1.0-assemb/unicycler/contigs/SRR22858223_assembly.fasta	SRR22858223_assembly	e,h	1,2	6,8,20	INFO: Number of cgMLST330 loci found (n=330)	PASS	C2-C3	Newport	Newport|Bardo|Ferruch|Kottbus	Newport
cgmlst_ST	cgmlst_distance	cgmlst_found_loci	cgmlst_genome_match	cgmlst_matching_alleles	cgmlst_subspecies	fasta_filepath	genome	h1	h2	o_antigen	qc_messages	qc_status	serogroup	serovar	serovar_antigen	serovar_cgmlst
3252716479	0.015151515151515138	330	SRR1539592	325	enterica	/storage/group/evk5387/default/sophia_kenney/dogsalmonella/1.0-assemb/unicycler/contigs/SRR22858252_assembly.fasta	SRR22858252_assembly	e,h	1,2	6,8,20	INFO: Number of cgMLST330 loci found (n=330)	PASS	C2-C3	Newport	Newport|Bardo|Ferruch|Kottbus	Newport
cgmlst_ST	cgmlst_distance	cgmlst_found_loci	cgmlst_genome_match	cgmlst_matching_alleles	cgmlst_subspecies	fasta_filepath	genome	h1	h2	o_antigen	qc_messages	qc_status	serogroup	serovar	serovar_antigen	serovar_cgmlst
301425464	0.021212121212121238	330	SRR1539592	323	enterica	/storage/group/evk5387/default/sophia_kenney/dogsalmonella/1.0-assemb/unicycler/contigs/SRR22858268_assembly.fasta	SRR22858268_assembly	e,h	1,2	6,8,20	INFO: Number of cgMLST330 loci found (n=330)	PASS	C2-C3	Newport	Newport|Bardo|Ferruch|Kottbus	Newport
cgmlst_ST	cgmlst_distance	cgmlst_found_loci	cgmlst_genome_match	cgmlst_matching_alleles	cgmlst_subspecies	fasta_filepath	genome	h1	h2	o_antigen	qc_messages	qc_status	serogroup	serovar	serovar_antigen	serovar_cgmlst
3252716479	0.015151515151515138	330	SRR1539592	325	enterica	/storage/group/evk5387/default/sophia_kenney/dogsalmonella/1.0-assemb/unicycler/contigs/SRR22858275_assembly.fasta	SRR22858275_assembly	e,h	1,2	6,8,20	INFO: Number of cgMLST330 loci found (n=330)	PASS	C2-C3	Newport	Newport|Bardo|Ferruch|Kottbus	Newport
cgmlst_ST	cgmlst_distance	cgmlst_found_loci	cgmlst_genome_match	cgmlst_matching_alleles	cgmlst_subspecies	fasta_filepath	genome	h1	h2	o_antigen	qc_messages	qc_status	serogroup	serovar	serovar_antigen	serovar_cgmlst
3252716479	0.015151515151515138	330	SRR1539592	325	enterica	/storage/group/evk5387/default/sophia_kenney/dogsalmonella/1.0-assemb/unicycler/contigs/SRR22858276_assembly.fasta	SRR22858276_assembly	e,h	1,2	6,8,20	INFO: Number of cgMLST330 loci found (n=330)	PASS	C2-C3	Newport	Newport|Bardo|Ferruch|Kottbus	Newport
cgmlst_ST	cgmlst_distance	cgmlst_found_loci	cgmlst_genome_match	cgmlst_matching_alleles	cgmlst_subspecies	fasta_filepath	genome	h1	h2	o_antigen	qc_messages	qc_status	serogroup	serovar	serovar_antigen	serovar_cgmlst
3990741589	0.018181818181818188	330	SRR1966997	324	enterica	/storage/group/evk5387/default/sophia_kenney/dogsalmonella/1.0-assemb/unicycler/contigs/SRR23611146_assembly.fasta	SRR23611146_assembly	e,h	1,5	6,8	INFO: Number of cgMLST330 loci found (n=330)	PASS	C2-C3	Kottbus	Newport|Bardo|Ferruch|Kottbus	Kottbus
cgmlst_ST	cgmlst_distance	cgmlst_found_loci	cgmlst_genome_match	cgmlst_matching_alleles	cgmlst_subspecies	fasta_filepath	genome	h1	h2	o_antigen	qc_messages	qc_status	serogroup	serovar	serovar_antigen	serovar_cgmlst
1215562064	0.018181818181818188	330	2017-CAL-0460	324	enterica	/storage/group/evk5387/default/sophia_kenney/dogsalmonella/1.0-assemb/unicycler/contigs/SRR23611460_assembly.fasta	SRR23611460_assembly	g,m	-	1,9,12	INFO: Number of cgMLST330 loci found (n=330)	PASS	D1	Enteritidis	Nitra|Gallinarum|Pullorum|Berta|Enteritidis|Blegdam|Gueuletapee|Naestved|Rostock|Hillingdon	Enteritidis
cgmlst_ST	cgmlst_distance	cgmlst_found_loci	cgmlst_genome_match	cgmlst_matching_alleles	cgmlst_subspecies	fasta_filepath	genome	h1	h2	o_antigen	qc_messages	qc_status	serogroup	serovar	serovar_antigen	serovar_cgmlst
1397096356	0.012121212121212088	330	SRR2533135	326	enterica	/storage/group/evk5387/default/sophia_kenney/dogsalmonella/1.0-assemb/unicycler/contigs/SRR23611461_assembly.fasta	SRR23611461_assembly	e,h	1,2	6,8,20	INFO: Number of cgMLST330 loci found (n=330)	PASS	C2-C3	Newport	Newport|Bardo|Ferruch|Kottbus	Newport
cgmlst_ST	cgmlst_distance	cgmlst_found_loci	cgmlst_genome_match	cgmlst_matching_alleles	cgmlst_subspecies	fasta_filepath	genome	h1	h2	o_antigen	qc_messages	qc_status	serogroup	serovar	serovar_antigen	serovar_cgmlst
376324412	0.027272727272727226	330	SRR3284722	321	enterica	/storage/group/evk5387/default/sophia_kenney/dogsalmonella/1.0-assemb/unicycler/contigs/SRR23612040_assembly.fasta	SRR23612040_assembly	i	-	1,4,[5],12	INFO: Number of cgMLST330 loci found (n=330)	PASS	B	I 1,4,[5],12:i:-	I 1,4,[5],12:i:-	Typhimurium
cgmlst_ST	cgmlst_distance	cgmlst_found_loci	cgmlst_genome_match	cgmlst_matching_alleles	cgmlst_subspecies	fasta_filepath	genome	h1	h2	o_antigen	qc_messages	qc_status	serogroup	serovar	serovar_antigen	serovar_cgmlst
4169978140	0.027272727272727226	330	2017-SEQ-0832	321	enterica	/storage/group/evk5387/default/sophia_kenney/dogsalmonella/1.0-assemb/unicycler/contigs/SRR23734591_assembly.fasta	SRR23734591_assembly	g,m	-	1,9,12	INFO: Number of cgMLST330 loci found (n=330)	PASS	D1	Enteritidis	Nitra|Gallinarum|Pullorum|Berta|Enteritidis|Blegdam|Gueuletapee|Naestved|Rostock|Hillingdon	Enteritidis
cgmlst_ST	cgmlst_distance	cgmlst_found_loci	cgmlst_genome_match	cgmlst_matching_alleles	cgmlst_subspecies	fasta_filepath	genome	h1	h2	o_antigen	qc_messages	qc_status	serogroup	serovar	serovar_antigen	serovar_cgmlst
3216002618	0.033333333333333326	330	ERR460131	319	enterica	/storage/group/evk5387/default/sophia_kenney/dogsalmonella/1.0-assemb/unicycler/contigs/SRR23919677_assembly.fasta	SRR23919677_assembly	b	1,2	1,4,[5],12	INFO: Number of cgMLST330 loci found (n=330)	PASS	B	Paratyphi B var. Java	Paratyphi B|Paratyphi B var. Java|Limete	Paratyphi B var. Java
cgmlst_ST	cgmlst_distance	cgmlst_found_loci	cgmlst_genome_match	cgmlst_matching_alleles	cgmlst_subspecies	fasta_filepath	genome	h1	h2	o_antigen	qc_messages	qc_status	serogroup	serovar	serovar_antigen	serovar_cgmlst
1055438617	0.024242424242424288	330	SRR1970070	322	enterica	/storage/group/evk5387/default/sophia_kenney/dogsalmonella/1.0-assemb/unicycler/contigs/SRR23988851_assembly.fasta	SRR23988851_assembly	b	1,2	1,4,[5],12	INFO: Number of cgMLST330 loci found (n=330)	PASS	B	Paratyphi B	Paratyphi B|Paratyphi B var. Java|Limete	Paratyphi B
cgmlst_ST	cgmlst_distance	cgmlst_found_loci	cgmlst_genome_match	cgmlst_matching_alleles	cgmlst_subspecies	fasta_filepath	genome	h1	h2	o_antigen	qc_messages	qc_status	serogroup	serovar	serovar_antigen	serovar_cgmlst
1203298330	0.045454545454545414	330	SRR3664765	315	enterica	/storage/group/evk5387/default/sophia_kenney/dogsalmonella/1.0-assemb/unicycler/contigs/SRR23988853_assembly.fasta	SRR23988853_assembly	[f],g,[t]	-	1,9,12	INFO: Number of cgMLST330 loci found (n=330)	PASS	D1	Berta	Berta|Pensacola|Sangalkam	Berta
cgmlst_ST	cgmlst_distance	cgmlst_found_loci	cgmlst_genome_match	cgmlst_matching_alleles	cgmlst_subspecies	fasta_filepath	genome	h1	h2	o_antigen	qc_messages	qc_status	serogroup	serovar	serovar_antigen	serovar_cgmlst
1209727640	0.021212121212121238	330	SRR1966341	323	enterica	/storage/group/evk5387/default/sophia_kenney/dogsalmonella/1.0-assemb/unicycler/contigs/SRR23988857_assembly.fasta	SRR23988857_assembly	e,h	1,2	6,8,20	INFO: Number of cgMLST330 loci found (n=330)	PASS	C2-C3	Newport	Newport|Bardo|Ferruch|Kottbus	Newport
cgmlst_ST	cgmlst_distance	cgmlst_found_loci	cgmlst_genome_match	cgmlst_matching_alleles	cgmlst_subspecies	fasta_filepath	genome	h1	h2	o_antigen	qc_messages	qc_status	serogroup	serovar	serovar_antigen	serovar_cgmlst
1293070464	0.024242424242424288	330	SRR4000003	322	enterica	/storage/group/evk5387/default/sophia_kenney/dogsalmonella/1.0-assemb/unicycler/contigs/SRR23988858_assembly.fasta	SRR23988858_assembly	e,h	1,2	6,8,20	INFO: Number of cgMLST330 loci found (n=330)	PASS	C2-C3	Newport	Newport|Bardo|Ferruch|Kottbus	Newport
cgmlst_ST	cgmlst_distance	cgmlst_found_loci	cgmlst_genome_match	cgmlst_matching_alleles	cgmlst_subspecies	fasta_filepath	genome	h1	h2	o_antigen	qc_messages	qc_status	serogroup	serovar	serovar_antigen	serovar_cgmlst
763327608	0.027272727272727226	330	SRR3286883	321	enterica	/storage/group/evk5387/default/sophia_kenney/dogsalmonella/1.0-assemb/unicycler/contigs/SRR23988860_assembly.fasta	SRR23988860_assembly	i	1,2	1,4,[5],12	INFO: Number of cgMLST330 loci found (n=330)	PASS	B	Typhimurium	Typhimurium|Lagos	Typhimurium
cgmlst_ST	cgmlst_distance	cgmlst_found_loci	cgmlst_genome_match	cgmlst_matching_alleles	cgmlst_subspecies	fasta_filepath	genome	h1	h2	o_antigen	qc_messages	qc_status	serogroup	serovar	serovar_antigen	serovar_cgmlst
	0.045454545454545414	329	2017-SEQ-1895	315	enterica	/storage/group/evk5387/default/sophia_kenney/dogsalmonella/1.0-assemb/unicycler/contigs/SRR24977980_assembly.fasta	SRR24977980_assembly	g,m	-	1,9,12	INFO: Number of cgMLST330 loci found (n=329)	PASS	D1	Enteritidis	Nitra|Gallinarum|Pullorum|Berta|Enteritidis|Blegdam|Gueuletapee|Naestved|Rostock|Hillingdon	Enteritidis
cgmlst_ST	cgmlst_distance	cgmlst_found_loci	cgmlst_genome_match	cgmlst_matching_alleles	cgmlst_subspecies	fasta_filepath	genome	h1	h2	o_antigen	qc_messages	qc_status	serogroup	serovar	serovar_antigen	serovar_cgmlst
3496555694	0.027272727272727226	330	SRR3062414	321	enterica	/storage/group/evk5387/default/sophia_kenney/dogsalmonella/1.0-assemb/unicycler/contigs/SRR24977981_assembly.fasta	SRR24977981_assembly	i	1,2	1,4,[5],12	INFO: Number of cgMLST330 loci found (n=330)	PASS	B	Typhimurium	Typhimurium|Lagos	Typhimurium
cgmlst_ST	cgmlst_distance	cgmlst_found_loci	cgmlst_genome_match	cgmlst_matching_alleles	cgmlst_subspecies	fasta_filepath	genome	h1	h2	o_antigen	qc_messages	qc_status	serogroup	serovar	serovar_antigen	serovar_cgmlst
2496853375	0.024242424242424288	330	SRR3933155	322	enterica	/storage/group/evk5387/default/sophia_kenney/dogsalmonella/1.0-assemb/unicycler/contigs/SRR24980334_assembly.fasta	SRR24980334_assembly	l,z28	1,5	1,9,12	FAIL: Wzx/Wzy genes missing. Cannot determine O-antigen group/serogroup. Cannot accurately predict serovar from antigen genes. | INFO: Number of cgMLST330 loci found (n=330)	FAIL	-	Javiana	Koessen|Kunduchi|Tyresoe|Fyris|Azteca|Mono|Concord|Irumu|Gabon|Colorado|Nessziona|Litchfield|Pakistan|Loanda|Fayed|Hiduddify|Mendoza|Houston|Panama|Victoria|Itami|Javiana|India|Nchanga|Sinstorf|Freiburg|Uganda|Stuivenberg|Ngor|Fulda|Westerstede|Lokstedt|Stendal|Maracaibo|Glidji|Tours|Connecticut|Lovelace|Enugu|Zigong|Morotai|Michigan|Leoben|Catalunia|Ligeo|Donna|Harcourt|Overschie|Moundou|Marsabit|Alger|Kimberley|Millesi|Overchurch|Tiko|Bukavu|Malika|Australia|Fass	Javiana
cgmlst_ST	cgmlst_distance	cgmlst_found_loci	cgmlst_genome_match	cgmlst_matching_alleles	cgmlst_subspecies	fasta_filepath	genome	h1	h2	o_antigen	qc_messages	qc_status	serogroup	serovar	serovar_antigen	serovar_cgmlst
653730674	0.027272727272727226	330	SRR4124057	321	enterica	/storage/group/evk5387/default/sophia_kenney/dogsalmonella/1.0-assemb/unicycler/contigs/SRR24980335_assembly.fasta	SRR24980335_assembly	i	-	1,4,[5],12	INFO: Number of cgMLST330 loci found (n=330)	PASS	B	I 1,4,[5],12:i:-	I 1,4,[5],12:i:-	Typhimurium
cgmlst_ST	cgmlst_distance	cgmlst_found_loci	cgmlst_genome_match	cgmlst_matching_alleles	cgmlst_subspecies	fasta_filepath	genome	h1	h2	o_antigen	qc_messages	qc_status	serogroup	serovar	serovar_antigen	serovar_cgmlst
2855470344	0.012121212121212088	330	2017-MER-0639	326	enterica	/storage/group/evk5387/default/sophia_kenney/dogsalmonella/1.0-assemb/unicycler/contigs/SRR24980338_assembly.fasta	SRR24980338_assembly	r	1,5	6,7,14	FAIL: Wzx/Wzy genes missing. Cannot determine O-antigen group/serogroup. Cannot accurately predict serovar from antigen genes. | INFO: Number of cgMLST330 loci found (n=330)	FAIL	-	Infantis	Heidelberg|Bradford|Virchow|Infantis|Bsilla|Hindmarsh|Bovismorbificans|Jamaica|Ughelli|Seegefeld|Senegal|Istoria|Rovaniemi|Lode|Tennenlohe|Chicago|Grandhaven|Gege|Czernyring|Crossness|Lindi|Lubumbashi|Albertbanjul|Dapango	Infantis
cgmlst_ST	cgmlst_distance	cgmlst_found_loci	cgmlst_genome_match	cgmlst_matching_alleles	cgmlst_subspecies	fasta_filepath	genome	h1	h2	o_antigen	qc_messages	qc_status	serogroup	serovar	serovar_antigen	serovar_cgmlst
175465059	0.012121212121212088	330	SRR4175556	326	enterica	/storage/group/evk5387/default/sophia_kenney/dogsalmonella/1.0-assemb/unicycler/contigs/SRR25451680_assembly.fasta	SRR25451680_assembly	e,h	1,6	3,{10}{15}{15,34}	INFO: Number of cgMLST330 loci found (n=330)	PASS	E1	Anatum	Anatum|Hayindogo	Anatum
cgmlst_ST	cgmlst_distance	cgmlst_found_loci	cgmlst_genome_match	cgmlst_matching_alleles	cgmlst_subspecies	fasta_filepath	genome	h1	h2	o_antigen	qc_messages	qc_status	serogroup	serovar	serovar_antigen	serovar_cgmlst
2640831312	0.7121212121212122	330	SRR4039379	95	enterica	/storage/group/evk5387/default/sophia_kenney/dogsalmonella/1.0-assemb/unicycler/contigs/SRR25451681_assembly.fasta	SRR25451681_assembly	-	l,v	-	INFO: Number of cgMLST330 loci found (n=330) | WARNING: H1 antigen gene (fliC) missing. Cannot determine H1 antigen. Cannot accurately predict serovar from antigen genes. | WARNING: Only matched 95 cgMLST330 loci. Min threshold for confident serovar prediction from cgMLST is 297.0	WARNING	I	I I:-:l,v	I I:-:l,v	Hvittingfoss
cgmlst_ST	cgmlst_distance	cgmlst_found_loci	cgmlst_genome_match	cgmlst_matching_alleles	cgmlst_subspecies	fasta_filepath	genome	h1	h2	o_antigen	qc_messages	qc_status	serogroup	serovar	serovar_antigen	serovar_cgmlst
3412246777	0.033333333333333326	330	SRR4419039	319	enterica	/storage/group/evk5387/default/sophia_kenney/dogsalmonella/1.0-assemb/unicycler/contigs/SRR6311159_assembly.fasta	SRR6311159_assembly	z10	e,n,z15	6,7,14	INFO: Number of cgMLST330 loci found (n=330)	PASS	C1	Mbandaka	Djugu|Mbandaka|Telhashomer	Mbandaka
cgmlst_ST	cgmlst_distance	cgmlst_found_loci	cgmlst_genome_match	cgmlst_matching_alleles	cgmlst_subspecies	fasta_filepath	genome	h1	h2	o_antigen	qc_messages	qc_status	serogroup	serovar	serovar_antigen	serovar_cgmlst
2044001911	0.024242424242424288	330	2015-SEQ-1804	322	enterica	/storage/group/evk5387/default/sophia_kenney/dogsalmonella/1.0-assemb/unicycler/contigs/SRR6814919_assembly.fasta	SRR6814919_assembly	i	-	1,4,[5],12	INFO: Number of cgMLST330 loci found (n=330)	PASS	B	I 1,4,[5],12:i:-	I 1,4,[5],12:i:-	I 1,4,[5],12:i:-
cgmlst_ST	cgmlst_distance	cgmlst_found_loci	cgmlst_genome_match	cgmlst_matching_alleles	cgmlst_subspecies	fasta_filepath	genome	h1	h2	o_antigen	qc_messages	qc_status	serogroup	serovar	serovar_antigen	serovar_cgmlst
3598487925	0.015151515151515138	330	2017-MER-0639	325	enterica	/storage/group/evk5387/default/sophia_kenney/dogsalmonella/1.0-assemb/unicycler/contigs/SRR6903162_assembly.fasta	SRR6903162_assembly	r	1,5	6,7,14	INFO: Number of cgMLST330 loci found (n=330)	PASS	C1	Infantis	Virchow|Infantis|Senegal	Infantis
cgmlst_ST	cgmlst_distance	cgmlst_found_loci	cgmlst_genome_match	cgmlst_matching_alleles	cgmlst_subspecies	fasta_filepath	genome	h1	h2	o_antigen	qc_messages	qc_status	serogroup	serovar	serovar_antigen	serovar_cgmlst
2832731330	0.015151515151515138	330	2017-SEQ-0836	325	enterica	/storage/group/evk5387/default/sophia_kenney/dogsalmonella/1.0-assemb/unicycler/contigs/SRR6973036_assembly.fasta	SRR6973036_assembly	g,m	-	1,9,12	FAIL: Wzx/Wzy genes missing. Cannot determine O-antigen group/serogroup. Cannot accurately predict serovar from antigen genes. | INFO: Number of cgMLST330 loci found (n=330)	FAIL	-	Enteritidis	Nitra|Essen|Hato|Montevideo|Othmarschen|Plumaugat|Chincol|Emek|Gallinarum|Pullorum|Berta|Enteritidis|Blegdam|Gueuletapee|Naestved|Rostock|Hillingdon|Suberu|Amsterdam|Kouka|Bron|Agbeni|Warragul|Caracas|Adeoyo|Nikolaifleet|Pontypridd|Abadina|Croft|Godesberg|Giessen|Ealing|Korovi|Bijlmer|Gamaba|Tornow|Luke	Enteritidis
cgmlst_ST	cgmlst_distance	cgmlst_found_loci	cgmlst_genome_match	cgmlst_matching_alleles	cgmlst_subspecies	fasta_filepath	genome	h1	h2	o_antigen	qc_messages	qc_status	serogroup	serovar	serovar_antigen	serovar_cgmlst
3265947060	0.018181818181818188	330	2016-SEQ-0346	324	enterica	/storage/group/evk5387/default/sophia_kenney/dogsalmonella/1.0-assemb/unicycler/contigs/SRR6973038_assembly.fasta	SRR6973038_assembly	g,m	-	1,9,12	INFO: Number of cgMLST330 loci found (n=330)	PASS	D1	Enteritidis	Nitra|Gallinarum|Pullorum|Berta|Enteritidis|Blegdam|Gueuletapee|Naestved|Rostock|Hillingdon	Enteritidis
cgmlst_ST	cgmlst_distance	cgmlst_found_loci	cgmlst_genome_match	cgmlst_matching_alleles	cgmlst_subspecies	fasta_filepath	genome	h1	h2	o_antigen	qc_messages	qc_status	serogroup	serovar	serovar_antigen	serovar_cgmlst
948964371	0.018181818181818188	330	2016-SEQ-0346	324	enterica	/storage/group/evk5387/default/sophia_kenney/dogsalmonella/1.0-assemb/unicycler/contigs/SRR6973550_assembly.fasta	SRR6973550_assembly	g,m	-	1,9,12	INFO: Number of cgMLST330 loci found (n=330)	PASS	D1	Enteritidis	Nitra|Gallinarum|Pullorum|Berta|Enteritidis|Blegdam|Gueuletapee|Naestved|Rostock|Hillingdon	Enteritidis
cgmlst_ST	cgmlst_distance	cgmlst_found_loci	cgmlst_genome_match	cgmlst_matching_alleles	cgmlst_subspecies	fasta_filepath	genome	h1	h2	o_antigen	qc_messages	qc_status	serogroup	serovar	serovar_antigen	serovar_cgmlst
3610171791	0.015151515151515138	330	SRR1969831	325	enterica	/storage/group/evk5387/default/sophia_kenney/dogsalmonella/1.0-assemb/unicycler/contigs/SRR6973597_assembly.fasta	SRR6973597_assembly	r	1,5	6,7,14	FAIL: Wzx/Wzy genes missing. Cannot determine O-antigen group/serogroup. Cannot accurately predict serovar from antigen genes. | INFO: Number of cgMLST330 loci found (n=330)	FAIL	-	Infantis	Heidelberg|Bradford|Virchow|Infantis|Bsilla|Hindmarsh|Bovismorbificans|Jamaica|Ughelli|Seegefeld|Senegal|Istoria|Rovaniemi|Lode|Tennenlohe|Chicago|Grandhaven|Gege|Czernyring|Crossness|Lindi|Lubumbashi|Albertbanjul|Dapango	Infantis
cgmlst_ST	cgmlst_distance	cgmlst_found_loci	cgmlst_genome_match	cgmlst_matching_alleles	cgmlst_subspecies	fasta_filepath	genome	h1	h2	o_antigen	qc_messages	qc_status	serogroup	serovar	serovar_antigen	serovar_cgmlst
948964371	0.018181818181818188	330	2016-SEQ-0346	324	enterica	/storage/group/evk5387/default/sophia_kenney/dogsalmonella/1.0-assemb/unicycler/contigs/SRR6973598_assembly.fasta	SRR6973598_assembly	g,m	-	1,9,12	INFO: Number of cgMLST330 loci found (n=330)	PASS	D1	Enteritidis	Nitra|Gallinarum|Pullorum|Berta|Enteritidis|Blegdam|Gueuletapee|Naestved|Rostock|Hillingdon	Enteritidis
cgmlst_ST	cgmlst_distance	cgmlst_found_loci	cgmlst_genome_match	cgmlst_matching_alleles	cgmlst_subspecies	fasta_filepath	genome	h1	h2	o_antigen	qc_messages	qc_status	serogroup	serovar	serovar_antigen	serovar_cgmlst
1432559802	0.015151515151515138	330	2016-SEQ-0346	325	enterica	/storage/group/evk5387/default/sophia_kenney/dogsalmonella/1.0-assemb/unicycler/contigs/SRR6973618_assembly.fasta	SRR6973618_assembly	g,m	-	1,9,12	INFO: Number of cgMLST330 loci found (n=330)	PASS	D1	Enteritidis	Nitra|Gallinarum|Pullorum|Berta|Enteritidis|Blegdam|Gueuletapee|Naestved|Rostock|Hillingdon	Enteritidis
cgmlst_ST	cgmlst_distance	cgmlst_found_loci	cgmlst_genome_match	cgmlst_matching_alleles	cgmlst_subspecies	fasta_filepath	genome	h1	h2	o_antigen	qc_messages	qc_status	serogroup	serovar	serovar_antigen	serovar_cgmlst
2934517520	0.018181818181818188	330	SRR1963300	324	enterica	/storage/group/evk5387/default/sophia_kenney/dogsalmonella/1.0-assemb/unicycler/contigs/SRR6973626_assembly.fasta	SRR6973626_assembly	m,t	-	6,7,14	INFO: Number of cgMLST330 loci found (n=330)	PASS	C1	Oranienburg	Othmarschen|Haelsingborg|Oranienburg|Moers	Oranienburg
cgmlst_ST	cgmlst_distance	cgmlst_found_loci	cgmlst_genome_match	cgmlst_matching_alleles	cgmlst_subspecies	fasta_filepath	genome	h1	h2	o_antigen	qc_messages	qc_status	serogroup	serovar	serovar_antigen	serovar_cgmlst
3871321859	0.021212121212121238	330	2016-SEQ-0346	323	enterica	/storage/group/evk5387/default/sophia_kenney/dogsalmonella/1.0-assemb/unicycler/contigs/SRR6973863_assembly.fasta	SRR6973863_assembly	g,m	-	1,9,12	INFO: Number of cgMLST330 loci found (n=330)	PASS	D1	Enteritidis	Nitra|Gallinarum|Pullorum|Berta|Enteritidis|Blegdam|Gueuletapee|Naestved|Rostock|Hillingdon	Enteritidis
cgmlst_ST	cgmlst_distance	cgmlst_found_loci	cgmlst_genome_match	cgmlst_matching_alleles	cgmlst_subspecies	fasta_filepath	genome	h1	h2	o_antigen	qc_messages	qc_status	serogroup	serovar	serovar_antigen	serovar_cgmlst
3745279007	0.021212121212121238	330	2017-SEQ-0795	323	enterica	/storage/group/evk5387/default/sophia_kenney/dogsalmonella/1.0-assemb/unicycler/contigs/SRR6973864_assembly.fasta	SRR6973864_assembly	g,m	-	1,9,12	INFO: Number of cgMLST330 loci found (n=330)	PASS	D1	Enteritidis	Nitra|Gallinarum|Pullorum|Berta|Enteritidis|Blegdam|Gueuletapee|Naestved|Rostock|Hillingdon	Enteritidis
cgmlst_ST	cgmlst_distance	cgmlst_found_loci	cgmlst_genome_match	cgmlst_matching_alleles	cgmlst_subspecies	fasta_filepath	genome	h1	h2	o_antigen	qc_messages	qc_status	serogroup	serovar	serovar_antigen	serovar_cgmlst
613482209	0.018181818181818188	330	ERR278705	324	enterica	/storage/group/evk5387/default/sophia_kenney/dogsalmonella/1.0-assemb/unicycler/contigs/SRR6985972_assembly.fasta	SRR6985972_assembly	b	1,2	1,4,[5],12	INFO: Number of cgMLST330 loci found (n=330)	PASS	B	Paratyphi B	Paratyphi B|Paratyphi B var. Java|Limete	Paratyphi B
cgmlst_ST	cgmlst_distance	cgmlst_found_loci	cgmlst_genome_match	cgmlst_matching_alleles	cgmlst_subspecies	fasta_filepath	genome	h1	h2	o_antigen	qc_messages	qc_status	serogroup	serovar	serovar_antigen	serovar_cgmlst
1468669503	0.012121212121212088	330	SRR3933145	326	enterica	/storage/group/evk5387/default/sophia_kenney/dogsalmonella/1.0-assemb/unicycler/contigs/SRR6985975_assembly.fasta	SRR6985975_assembly	e,h	1,6	3,{10}{15}{15,34}	INFO: Number of cgMLST330 loci found (n=330)	PASS	E1	Anatum	Anatum|Hayindogo	Anatum
cgmlst_ST	cgmlst_distance	cgmlst_found_loci	cgmlst_genome_match	cgmlst_matching_alleles	cgmlst_subspecies	fasta_filepath	genome	h1	h2	o_antigen	qc_messages	qc_status	serogroup	serovar	serovar_antigen	serovar_cgmlst
1553822322	0.033333333333333326	330	SRR3048753	319	enterica	/storage/group/evk5387/default/sophia_kenney/dogsalmonella/1.0-assemb/unicycler/contigs/SRR6986036_assembly.fasta	SRR6986036_assembly	d	1,2	1,4,[5],12,[27]	FAIL: Wzx/Wzy genes missing. Cannot determine O-antigen group/serogroup. Cannot accurately predict serovar from antigen genes. | INFO: Number of cgMLST330 loci found (n=330)	FAIL	-	Stanley	Stanley|Eppendorf|Kisii|Kambole|Isangi|Muenchen|Virginia|Manhattan|Yovokome|Ndolo|Ontario|Stormont|Shangani|Umbadah|Ahmadi|Ati|Gustavia|Handen|Mishmarhaemek|Finkenwerder|Martonos|Oldenburg|Sculcoates|Berlin|Groenekan|Spartel|Amoutive|Messina|Gokul|Utrecht|Willamette|Logone|Driffield|Egusi|Orleans|Bobo|Hemingford	Stanley
cgmlst_ST	cgmlst_distance	cgmlst_found_loci	cgmlst_genome_match	cgmlst_matching_alleles	cgmlst_subspecies	fasta_filepath	genome	h1	h2	o_antigen	qc_messages	qc_status	serogroup	serovar	serovar_antigen	serovar_cgmlst
1467921541	0.012121212121212088	330	17-7359	326	enterica	/storage/group/evk5387/default/sophia_kenney/dogsalmonella/1.0-assemb/unicycler/contigs/SRR6986044_assembly.fasta	SRR6986044_assembly	m,t	-	6,7,14	INFO: Number of cgMLST330 loci found (n=330)	PASS	C1	Oranienburg	Othmarschen|Haelsingborg|Oranienburg|Moers	Oranienburg
cgmlst_ST	cgmlst_distance	cgmlst_found_loci	cgmlst_genome_match	cgmlst_matching_alleles	cgmlst_subspecies	fasta_filepath	genome	h1	h2	o_antigen	qc_messages	qc_status	serogroup	serovar	serovar_antigen	serovar_cgmlst
3530864217	0.012121212121212088	330	SRR3710730	326	enterica	/storage/group/evk5387/default/sophia_kenney/dogsalmonella/1.0-assemb/unicycler/contigs/SRR6986047_assembly.fasta	SRR6986047_assembly	e,h	1,6	3,{10}{15}{15,34}	INFO: Number of cgMLST330 loci found (n=330)	PASS	E1	Anatum	Anatum|Hayindogo	Anatum
cgmlst_ST	cgmlst_distance	cgmlst_found_loci	cgmlst_genome_match	cgmlst_matching_alleles	cgmlst_subspecies	fasta_filepath	genome	h1	h2	o_antigen	qc_messages	qc_status	serogroup	serovar	serovar_antigen	serovar_cgmlst
57757305	0.033333333333333326	330	SRR1158021	319	enterica	/storage/group/evk5387/default/sophia_kenney/dogsalmonella/1.0-assemb/unicycler/contigs/SRR6986053_assembly.fasta	SRR6986053_assembly	[f],g,[t]	-	1,9,12	INFO: Number of cgMLST330 loci found (n=330)	PASS	D1	Berta	Berta|Pensacola|Sangalkam	Berta
cgmlst_ST	cgmlst_distance	cgmlst_found_loci	cgmlst_genome_match	cgmlst_matching_alleles	cgmlst_subspecies	fasta_filepath	genome	h1	h2	o_antigen	qc_messages	qc_status	serogroup	serovar	serovar_antigen	serovar_cgmlst
129040045	0.021212121212121238	330	2017-SEQ-0836	323	enterica	/storage/group/evk5387/default/sophia_kenney/dogsalmonella/1.0-assemb/unicycler/contigs/SRR6986073_assembly.fasta	SRR6986073_assembly	g,m	-	1,9,12	INFO: Number of cgMLST330 loci found (n=330)	PASS	D1	Enteritidis	Nitra|Gallinarum|Pullorum|Berta|Enteritidis|Blegdam|Gueuletapee|Naestved|Rostock|Hillingdon	Enteritidis
cgmlst_ST	cgmlst_distance	cgmlst_found_loci	cgmlst_genome_match	cgmlst_matching_alleles	cgmlst_subspecies	fasta_filepath	genome	h1	h2	o_antigen	qc_messages	qc_status	serogroup	serovar	serovar_antigen	serovar_cgmlst
3666183319	0.018181818181818188	330	2017-SEQ-0832	324	enterica	/storage/group/evk5387/default/sophia_kenney/dogsalmonella/1.0-assemb/unicycler/contigs/SRR6986080_assembly.fasta	SRR6986080_assembly	g,m	-	1,9,12	INFO: Number of cgMLST330 loci found (n=330)	PASS	D1	Enteritidis	Nitra|Gallinarum|Pullorum|Berta|Enteritidis|Blegdam|Gueuletapee|Naestved|Rostock|Hillingdon	Enteritidis
cgmlst_ST	cgmlst_distance	cgmlst_found_loci	cgmlst_genome_match	cgmlst_matching_alleles	cgmlst_subspecies	fasta_filepath	genome	h1	h2	o_antigen	qc_messages	qc_status	serogroup	serovar	serovar_antigen	serovar_cgmlst
693657493	0.021212121212121238	330	SRR3925095	323	enterica	/storage/group/evk5387/default/sophia_kenney/dogsalmonella/1.0-assemb/unicycler/contigs/SRR7014283_assembly.fasta	SRR7014283_assembly	e,h	1,5	3,{10}{15}{15,34}	INFO: Number of cgMLST330 loci found (n=330)	PASS	E4	Muenster	Vejle|Muenster|Vilvoorde	Muenster
cgmlst_ST	cgmlst_distance	cgmlst_found_loci	cgmlst_genome_match	cgmlst_matching_alleles	cgmlst_subspecies	fasta_filepath	genome	h1	h2	o_antigen	qc_messages	qc_status	serogroup	serovar	serovar_antigen	serovar_cgmlst
3599454892	0.009090909090909038	330	SRR1966396	327	enterica	/storage/group/evk5387/default/sophia_kenney/dogsalmonella/1.0-assemb/unicycler/contigs/SRR7071944_assembly.fasta	SRR7071944_assembly	m,t	-	6,7,14	FAIL: Wzx/Wzy genes missing. Cannot determine O-antigen group/serogroup. Cannot accurately predict serovar from antigen genes. | INFO: Number of cgMLST330 loci found (n=330)	FAIL	-	Oranienburg	California|Banana|Othmarschen|Haelsingborg|Oranienburg|Reubeuss|Bassa|Yokoe|Berta|Pensacola|Sangalkam|Southbank|Kouka|Cannstatt|Moers|Agbeni|Kintambo|Washington|Kaitaan|Adeoyo|Mpouto|Bama|Langenhorn|Vinohrady|Godesberg|Ebrie|Monschaui|Djinten|Newholland|Rothenburgsort|Dietrichsdorf|Waral|Muguga|Tornow|Apapa	Oranienburg
cgmlst_ST	cgmlst_distance	cgmlst_found_loci	cgmlst_genome_match	cgmlst_matching_alleles	cgmlst_subspecies	fasta_filepath	genome	h1	h2	o_antigen	qc_messages	qc_status	serogroup	serovar	serovar_antigen	serovar_cgmlst
2832731330	0.015151515151515138	330	2017-SEQ-0836	325	enterica	/storage/group/evk5387/default/sophia_kenney/dogsalmonella/1.0-assemb/unicycler/contigs/SRR7072142_assembly.fasta	SRR7072142_assembly	g,m	-	1,9,12	INFO: Number of cgMLST330 loci found (n=330)	PASS	D1	Enteritidis	Nitra|Gallinarum|Pullorum|Berta|Enteritidis|Blegdam|Gueuletapee|Naestved|Rostock|Hillingdon	Enteritidis
cgmlst_ST	cgmlst_distance	cgmlst_found_loci	cgmlst_genome_match	cgmlst_matching_alleles	cgmlst_subspecies	fasta_filepath	genome	h1	h2	o_antigen	qc_messages	qc_status	serogroup	serovar	serovar_antigen	serovar_cgmlst
4132596589	0.027272727272727226	330	SRR2533441	321	enterica	/storage/group/evk5387/default/sophia_kenney/dogsalmonella/1.0-assemb/unicycler/contigs/SRR7072185_assembly.fasta	SRR7072185_assembly	e,h	1,5	3,{10}{15}{15,34}	INFO: Number of cgMLST330 loci found (n=330)	PASS	E4	Muenster	Vejle|Muenster|Vilvoorde	Muenster
cgmlst_ST	cgmlst_distance	cgmlst_found_loci	cgmlst_genome_match	cgmlst_matching_alleles	cgmlst_subspecies	fasta_filepath	genome	h1	h2	o_antigen	qc_messages	qc_status	serogroup	serovar	serovar_antigen	serovar_cgmlst
	0.021212121212121238	329	SRR1045869	323	enterica	/storage/group/evk5387/default/sophia_kenney/dogsalmonella/1.0-assemb/unicycler/contigs/SRR7077892_assembly.fasta	SRR7077892_assembly	e,h	-	-	FAIL: Wzx/Wzy genes missing. Cannot determine O-antigen group/serogroup. Cannot accurately predict serovar from antigen genes. | INFO: Number of cgMLST330 loci found (n=329)	FAIL	-	I Z:e,h:-	I Z:e,h:-	Muenster
cgmlst_ST	cgmlst_distance	cgmlst_found_loci	cgmlst_genome_match	cgmlst_matching_alleles	cgmlst_subspecies	fasta_filepath	genome	h1	h2	o_antigen	qc_messages	qc_status	serogroup	serovar	serovar_antigen	serovar_cgmlst
1744703036	0.012121212121212088	330	SRR1958619	326	enterica	/storage/group/evk5387/default/sophia_kenney/dogsalmonella/1.0-assemb/unicycler/contigs/SRR7094454_assembly.fasta	SRR7094454_assembly	m,t	-	6,7,14	INFO: Number of cgMLST330 loci found (n=330)	PASS	C1	Oranienburg	Othmarschen|Haelsingborg|Oranienburg|Moers	Oranienburg
cgmlst_ST	cgmlst_distance	cgmlst_found_loci	cgmlst_genome_match	cgmlst_matching_alleles	cgmlst_subspecies	fasta_filepath	genome	h1	h2	o_antigen	qc_messages	qc_status	serogroup	serovar	serovar_antigen	serovar_cgmlst
4169978140	0.027272727272727226	330	2017-SEQ-0832	321	enterica	/storage/group/evk5387/default/sophia_kenney/dogsalmonella/1.0-assemb/unicycler/contigs/SRR7094479_assembly.fasta	SRR7094479_assembly	g,m	-	1,9,12	INFO: Number of cgMLST330 loci found (n=330)	PASS	D1	Enteritidis	Nitra|Gallinarum|Pullorum|Berta|Enteritidis|Blegdam|Gueuletapee|Naestved|Rostock|Hillingdon	Enteritidis
cgmlst_ST	cgmlst_distance	cgmlst_found_loci	cgmlst_genome_match	cgmlst_matching_alleles	cgmlst_subspecies	fasta_filepath	genome	h1	h2	o_antigen	qc_messages	qc_status	serogroup	serovar	serovar_antigen	serovar_cgmlst
1283732293	0.021212121212121238	330	2016-SEQ-0346	323	enterica	/storage/group/evk5387/default/sophia_kenney/dogsalmonella/1.0-assemb/unicycler/contigs/SRR7178194_assembly.fasta	SRR7178194_assembly	g,m	-	1,9,12	INFO: Number of cgMLST330 loci found (n=330)	PASS	D1	Enteritidis	Nitra|Gallinarum|Pullorum|Berta|Enteritidis|Blegdam|Gueuletapee|Naestved|Rostock|Hillingdon	Enteritidis
cgmlst_ST	cgmlst_distance	cgmlst_found_loci	cgmlst_genome_match	cgmlst_matching_alleles	cgmlst_subspecies	fasta_filepath	genome	h1	h2	o_antigen	qc_messages	qc_status	serogroup	serovar	serovar_antigen	serovar_cgmlst
2366141755	0.039393939393939426	330	SRR4040098	317	enterica	/storage/group/evk5387/default/sophia_kenney/dogsalmonella/1.0-assemb/unicycler/contigs/SRR7178256_assembly.fasta	SRR7178256_assembly	e,h	1,2	6,8,20	INFO: Number of cgMLST330 loci found (n=330)	PASS	C2-C3	Newport	Newport|Bardo|Ferruch|Kottbus	Newport
cgmlst_ST	cgmlst_distance	cgmlst_found_loci	cgmlst_genome_match	cgmlst_matching_alleles	cgmlst_subspecies	fasta_filepath	genome	h1	h2	o_antigen	qc_messages	qc_status	serogroup	serovar	serovar_antigen	serovar_cgmlst
	0.036363636363636376	327	SRR3295842	318	enterica	/storage/group/evk5387/default/sophia_kenney/dogsalmonella/1.0-assemb/unicycler/contigs/SRR7178257_assembly.fasta	SRR7178257_assembly	i	-	1,4,[5],12	INFO: Number of cgMLST330 loci found (n=327)	PASS	B	I 1,4,[5],12:i:-	I 1,4,[5],12:i:-	Typhimurium
cgmlst_ST	cgmlst_distance	cgmlst_found_loci	cgmlst_genome_match	cgmlst_matching_alleles	cgmlst_subspecies	fasta_filepath	genome	h1	h2	o_antigen	qc_messages	qc_status	serogroup	serovar	serovar_antigen	serovar_cgmlst
1275296735	0.018181818181818188	330	SRR2751909	324	enterica	/storage/group/evk5387/default/sophia_kenney/dogsalmonella/1.0-assemb/unicycler/contigs/SRR7262085_assembly.fasta	SRR7262085_assembly	m,t	-	6,7,14	INFO: Number of cgMLST330 loci found (n=330)	PASS	C1	Oranienburg	Othmarschen|Haelsingborg|Oranienburg|Moers	Oranienburg
cgmlst_ST	cgmlst_distance	cgmlst_found_loci	cgmlst_genome_match	cgmlst_matching_alleles	cgmlst_subspecies	fasta_filepath	genome	h1	h2	o_antigen	qc_messages	qc_status	serogroup	serovar	serovar_antigen	serovar_cgmlst
2892748311	0.015151515151515138	330	2017-SEQ-0834	325	enterica	/storage/group/evk5387/default/sophia_kenney/dogsalmonella/1.0-assemb/unicycler/contigs/SRR7262086_assembly.fasta	SRR7262086_assembly	g,m	-	1,9,12	INFO: Number of cgMLST330 loci found (n=330)	PASS	D1	Enteritidis	Nitra|Gallinarum|Pullorum|Berta|Enteritidis|Blegdam|Gueuletapee|Naestved|Rostock|Hillingdon	Enteritidis
cgmlst_ST	cgmlst_distance	cgmlst_found_loci	cgmlst_genome_match	cgmlst_matching_alleles	cgmlst_subspecies	fasta_filepath	genome	h1	h2	o_antigen	qc_messages	qc_status	serogroup	serovar	serovar_antigen	serovar_cgmlst
1021003240	0.030303030303030276	330	SRR3295910	320	enterica	/storage/group/evk5387/default/sophia_kenney/dogsalmonella/1.0-assemb/unicycler/contigs/SRR7262137_assembly.fasta	SRR7262137_assembly	i	-	1,4,[5],12	INFO: Number of cgMLST330 loci found (n=330)	PASS	B	I 1,4,[5],12:i:-	I 1,4,[5],12:i:-	Typhimurium
cgmlst_ST	cgmlst_distance	cgmlst_found_loci	cgmlst_genome_match	cgmlst_matching_alleles	cgmlst_subspecies	fasta_filepath	genome	h1	h2	o_antigen	qc_messages	qc_status	serogroup	serovar	serovar_antigen	serovar_cgmlst
2669601645	0.024242424242424288	330	2016-SEQ-0346	322	enterica	/storage/group/evk5387/default/sophia_kenney/dogsalmonella/1.0-assemb/unicycler/contigs/SRR7262441_assembly.fasta	SRR7262441_assembly	g,m	-	1,9,12	INFO: Number of cgMLST330 loci found (n=330)	PASS	D1	Enteritidis	Nitra|Gallinarum|Pullorum|Berta|Enteritidis|Blegdam|Gueuletapee|Naestved|Rostock|Hillingdon	Enteritidis
cgmlst_ST	cgmlst_distance	cgmlst_found_loci	cgmlst_genome_match	cgmlst_matching_alleles	cgmlst_subspecies	fasta_filepath	genome	h1	h2	o_antigen	qc_messages	qc_status	serogroup	serovar	serovar_antigen	serovar_cgmlst
3983718938	0.018181818181818188	330	2017-MER-0111	324	enterica	/storage/group/evk5387/default/sophia_kenney/dogsalmonella/1.0-assemb/unicycler/contigs/SRR7262457_assembly.fasta	SRR7262457_assembly	g,m	-	1,9,12	INFO: Number of cgMLST330 loci found (n=330)	PASS	D1	Enteritidis	Nitra|Gallinarum|Pullorum|Berta|Enteritidis|Blegdam|Gueuletapee|Naestved|Rostock|Hillingdon	Enteritidis
cgmlst_ST	cgmlst_distance	cgmlst_found_loci	cgmlst_genome_match	cgmlst_matching_alleles	cgmlst_subspecies	fasta_filepath	genome	h1	h2	o_antigen	qc_messages	qc_status	serogroup	serovar	serovar_antigen	serovar_cgmlst
	0.021212121212121238	329	2015-SEQ-0952	323	enterica	/storage/group/evk5387/default/sophia_kenney/dogsalmonella/1.0-assemb/unicycler/contigs/SRR7262459_assembly.fasta	SRR7262459_assembly	g,m	-	1,9,12	INFO: Number of cgMLST330 loci found (n=329)	PASS	D1	Enteritidis	Nitra|Gallinarum|Pullorum|Berta|Enteritidis|Blegdam|Gueuletapee|Naestved|Rostock|Hillingdon	Enteritidis
cgmlst_ST	cgmlst_distance	cgmlst_found_loci	cgmlst_genome_match	cgmlst_matching_alleles	cgmlst_subspecies	fasta_filepath	genome	h1	h2	o_antigen	qc_messages	qc_status	serogroup	serovar	serovar_antigen	serovar_cgmlst
596995240	0.030303030303030276	330	SRR2829109	320	enterica	/storage/group/evk5387/default/sophia_kenney/dogsalmonella/1.0-assemb/unicycler/contigs/SRR7262556_assembly.fasta	SRR7262556_assembly	i	-	1,4,[5],12	INFO: Number of cgMLST330 loci found (n=330)	PASS	B	I 1,4,[5],12:i:-	I 1,4,[5],12:i:-	Typhimurium
cgmlst_ST	cgmlst_distance	cgmlst_found_loci	cgmlst_genome_match	cgmlst_matching_alleles	cgmlst_subspecies	fasta_filepath	genome	h1	h2	o_antigen	qc_messages	qc_status	serogroup	serovar	serovar_antigen	serovar_cgmlst
130016418	0.012121212121212088	330	2017-SEQ-0795	326	enterica	/storage/group/evk5387/default/sophia_kenney/dogsalmonella/1.0-assemb/unicycler/contigs/SRR7262559_assembly.fasta	SRR7262559_assembly	g,m	-	1,9,12	INFO: Number of cgMLST330 loci found (n=330)	PASS	D1	Enteritidis	Nitra|Gallinarum|Pullorum|Berta|Enteritidis|Blegdam|Gueuletapee|Naestved|Rostock|Hillingdon	Enteritidis
cgmlst_ST	cgmlst_distance	cgmlst_found_loci	cgmlst_genome_match	cgmlst_matching_alleles	cgmlst_subspecies	fasta_filepath	genome	h1	h2	o_antigen	qc_messages	qc_status	serogroup	serovar	serovar_antigen	serovar_cgmlst
2832731330	0.015151515151515138	330	2017-SEQ-0836	325	enterica	/storage/group/evk5387/default/sophia_kenney/dogsalmonella/1.0-assemb/unicycler/contigs/SRR7262560_assembly.fasta	SRR7262560_assembly	g,m	-	1,9,12	INFO: Number of cgMLST330 loci found (n=330)	PASS	D1	Enteritidis	Nitra|Gallinarum|Pullorum|Berta|Enteritidis|Blegdam|Gueuletapee|Naestved|Rostock|Hillingdon	Enteritidis
cgmlst_ST	cgmlst_distance	cgmlst_found_loci	cgmlst_genome_match	cgmlst_matching_alleles	cgmlst_subspecies	fasta_filepath	genome	h1	h2	o_antigen	qc_messages	qc_status	serogroup	serovar	serovar_antigen	serovar_cgmlst
3271183454	0.027272727272727226	330	2017-SEQ-0833	321	enterica	/storage/group/evk5387/default/sophia_kenney/dogsalmonella/1.0-assemb/unicycler/contigs/SRR7262800_assembly.fasta	SRR7262800_assembly	g,m	-	1,9,12	INFO: Number of cgMLST330 loci found (n=330)	PASS	D1	Enteritidis	Nitra|Gallinarum|Pullorum|Berta|Enteritidis|Blegdam|Gueuletapee|Naestved|Rostock|Hillingdon	Enteritidis
cgmlst_ST	cgmlst_distance	cgmlst_found_loci	cgmlst_genome_match	cgmlst_matching_alleles	cgmlst_subspecies	fasta_filepath	genome	h1	h2	o_antigen	qc_messages	qc_status	serogroup	serovar	serovar_antigen	serovar_cgmlst
3455754483	0.018181818181818188	330	2017-MER-0639	324	enterica	/storage/group/evk5387/default/sophia_kenney/dogsalmonella/1.0-assemb/unicycler/contigs/SRR7262823_assembly.fasta	SRR7262823_assembly	r	1,5	6,7,14	INFO: Number of cgMLST330 loci found (n=330)	PASS	C1	Infantis	Virchow|Infantis|Senegal	Infantis
cgmlst_ST	cgmlst_distance	cgmlst_found_loci	cgmlst_genome_match	cgmlst_matching_alleles	cgmlst_subspecies	fasta_filepath	genome	h1	h2	o_antigen	qc_messages	qc_status	serogroup	serovar	serovar_antigen	serovar_cgmlst
4132596589	0.027272727272727226	330	SRR2533441	321	enterica	/storage/group/evk5387/default/sophia_kenney/dogsalmonella/1.0-assemb/unicycler/contigs/SRR7295352_assembly.fasta	SRR7295352_assembly	e,h	1,5	3,{10}{15}{15,34}	INFO: Number of cgMLST330 loci found (n=330)	PASS	E1	Muenster	Vejle|Muenster|Vilvoorde	Muenster
cgmlst_ST	cgmlst_distance	cgmlst_found_loci	cgmlst_genome_match	cgmlst_matching_alleles	cgmlst_subspecies	fasta_filepath	genome	h1	h2	o_antigen	qc_messages	qc_status	serogroup	serovar	serovar_antigen	serovar_cgmlst
1262344412	0.021212121212121238	330	2018-SEQ-0300	323	enterica	/storage/group/evk5387/default/sophia_kenney/dogsalmonella/1.0-assemb/unicycler/contigs/SRR7295353_assembly.fasta	SRR7295353_assembly	g,m	-	1,9,12	INFO: Number of cgMLST330 loci found (n=330)	PASS	D1	Enteritidis	Nitra|Gallinarum|Pullorum|Berta|Enteritidis|Blegdam|Gueuletapee|Naestved|Rostock|Hillingdon	Enteritidis
cgmlst_ST	cgmlst_distance	cgmlst_found_loci	cgmlst_genome_match	cgmlst_matching_alleles	cgmlst_subspecies	fasta_filepath	genome	h1	h2	o_antigen	qc_messages	qc_status	serogroup	serovar	serovar_antigen	serovar_cgmlst
3666183319	0.018181818181818188	330	2017-SEQ-0832	324	enterica	/storage/group/evk5387/default/sophia_kenney/dogsalmonella/1.0-assemb/unicycler/contigs/SRR7295354_assembly.fasta	SRR7295354_assembly	g,m	-	1,9,12	INFO: Number of cgMLST330 loci found (n=330)	PASS	D1	Enteritidis	Nitra|Gallinarum|Pullorum|Berta|Enteritidis|Blegdam|Gueuletapee|Naestved|Rostock|Hillingdon	Enteritidis
cgmlst_ST	cgmlst_distance	cgmlst_found_loci	cgmlst_genome_match	cgmlst_matching_alleles	cgmlst_subspecies	fasta_filepath	genome	h1	h2	o_antigen	qc_messages	qc_status	serogroup	serovar	serovar_antigen	serovar_cgmlst
1977773303	0.015151515151515138	330	2017-SEQ-0833	325	enterica	/storage/group/evk5387/default/sophia_kenney/dogsalmonella/1.0-assemb/unicycler/contigs/SRR7295355_assembly.fasta	SRR7295355_assembly	g,m	-	1,9,12	INFO: Number of cgMLST330 loci found (n=330)	PASS	D1	Enteritidis	Nitra|Gallinarum|Pullorum|Berta|Enteritidis|Blegdam|Gueuletapee|Naestved|Rostock|Hillingdon	Enteritidis
cgmlst_ST	cgmlst_distance	cgmlst_found_loci	cgmlst_genome_match	cgmlst_matching_alleles	cgmlst_subspecies	fasta_filepath	genome	h1	h2	o_antigen	qc_messages	qc_status	serogroup	serovar	serovar_antigen	serovar_cgmlst
1215562064	0.018181818181818188	330	2017-CAL-0460	324	enterica	/storage/group/evk5387/default/sophia_kenney/dogsalmonella/1.0-assemb/unicycler/contigs/SRR7295371_assembly.fasta	SRR7295371_assembly	g,m	-	1,9,12	INFO: Number of cgMLST330 loci found (n=330)	PASS	D1	Enteritidis	Nitra|Gallinarum|Pullorum|Berta|Enteritidis|Blegdam|Gueuletapee|Naestved|Rostock|Hillingdon	Enteritidis
cgmlst_ST	cgmlst_distance	cgmlst_found_loci	cgmlst_genome_match	cgmlst_matching_alleles	cgmlst_subspecies	fasta_filepath	genome	h1	h2	o_antigen	qc_messages	qc_status	serogroup	serovar	serovar_antigen	serovar_cgmlst
3222293382	0.021212121212121238	330	2018-SEQ-0604	323	enterica	/storage/group/evk5387/default/sophia_kenney/dogsalmonella/1.0-assemb/unicycler/contigs/SRR7295903_assembly.fasta	SRR7295903_assembly	i	1,2	1,4,[5],12	INFO: Number of cgMLST330 loci found (n=330)	PASS	B	Typhimurium	Typhimurium|Lagos	Typhimurium
cgmlst_ST	cgmlst_distance	cgmlst_found_loci	cgmlst_genome_match	cgmlst_matching_alleles	cgmlst_subspecies	fasta_filepath	genome	h1	h2	o_antigen	qc_messages	qc_status	serogroup	serovar	serovar_antigen	serovar_cgmlst
3081372674	0.027272727272727226	330	SRR1778063	321	enterica	/storage/group/evk5387/default/sophia_kenney/dogsalmonella/1.0-assemb/unicycler/contigs/SRR7295904_assembly.fasta	SRR7295904_assembly	i	1,2	1,4,[5],12	INFO: Number of cgMLST330 loci found (n=330)	PASS	B	Typhimurium	Typhimurium|Lagos	Typhimurium
cgmlst_ST	cgmlst_distance	cgmlst_found_loci	cgmlst_genome_match	cgmlst_matching_alleles	cgmlst_subspecies	fasta_filepath	genome	h1	h2	o_antigen	qc_messages	qc_status	serogroup	serovar	serovar_antigen	serovar_cgmlst
3546105962	0.027272727272727226	330	2018-SEQ-0604	321	enterica	/storage/group/evk5387/default/sophia_kenney/dogsalmonella/1.0-assemb/unicycler/contigs/SRR7295942_assembly.fasta	SRR7295942_assembly	i	1,2	1,4,[5],12	INFO: Number of cgMLST330 loci found (n=330)	PASS	B	Typhimurium	Typhimurium|Lagos	Typhimurium
cgmlst_ST	cgmlst_distance	cgmlst_found_loci	cgmlst_genome_match	cgmlst_matching_alleles	cgmlst_subspecies	fasta_filepath	genome	h1	h2	o_antigen	qc_messages	qc_status	serogroup	serovar	serovar_antigen	serovar_cgmlst
292503484	0.024242424242424288	330	SRR1778058	322	enterica	/storage/group/evk5387/default/sophia_kenney/dogsalmonella/1.0-assemb/unicycler/contigs/SRR7297919_assembly.fasta	SRR7297919_assembly	i	1,2	1,4,[5],12	INFO: Number of cgMLST330 loci found (n=330)	PASS	B	Typhimurium	Typhimurium|Lagos	Typhimurium
cgmlst_ST	cgmlst_distance	cgmlst_found_loci	cgmlst_genome_match	cgmlst_matching_alleles	cgmlst_subspecies	fasta_filepath	genome	h1	h2	o_antigen	qc_messages	qc_status	serogroup	serovar	serovar_antigen	serovar_cgmlst
1629820838	0.021212121212121238	330	2017-SEQ-0834	323	enterica	/storage/group/evk5387/default/sophia_kenney/dogsalmonella/1.0-assemb/unicycler/contigs/SRR7298832_assembly.fasta	SRR7298832_assembly	g,m	-	1,9,12	INFO: Number of cgMLST330 loci found (n=330)	PASS	D1	Enteritidis	Nitra|Gallinarum|Pullorum|Berta|Enteritidis|Blegdam|Gueuletapee|Naestved|Rostock|Hillingdon	Enteritidis
cgmlst_ST	cgmlst_distance	cgmlst_found_loci	cgmlst_genome_match	cgmlst_matching_alleles	cgmlst_subspecies	fasta_filepath	genome	h1	h2	o_antigen	qc_messages	qc_status	serogroup	serovar	serovar_antigen	serovar_cgmlst
1514529757	0.015151515151515138	330	2016-SEQ-0346	325	enterica	/storage/group/evk5387/default/sophia_kenney/dogsalmonella/1.0-assemb/unicycler/contigs/SRR7299099_assembly.fasta	SRR7299099_assembly	g,m	-	1,9,12	INFO: Number of cgMLST330 loci found (n=330)	PASS	D1	Enteritidis	Nitra|Gallinarum|Pullorum|Berta|Enteritidis|Blegdam|Gueuletapee|Naestved|Rostock|Hillingdon	Enteritidis
cgmlst_ST	cgmlst_distance	cgmlst_found_loci	cgmlst_genome_match	cgmlst_matching_alleles	cgmlst_subspecies	fasta_filepath	genome	h1	h2	o_antigen	qc_messages	qc_status	serogroup	serovar	serovar_antigen	serovar_cgmlst
948964371	0.018181818181818188	330	2016-SEQ-0346	324	enterica	/storage/group/evk5387/default/sophia_kenney/dogsalmonella/1.0-assemb/unicycler/contigs/SRR7299163_assembly.fasta	SRR7299163_assembly	g,m	-	1,9,12	INFO: Number of cgMLST330 loci found (n=330)	PASS	D1	Enteritidis	Nitra|Gallinarum|Pullorum|Berta|Enteritidis|Blegdam|Gueuletapee|Naestved|Rostock|Hillingdon	Enteritidis
cgmlst_ST	cgmlst_distance	cgmlst_found_loci	cgmlst_genome_match	cgmlst_matching_alleles	cgmlst_subspecies	fasta_filepath	genome	h1	h2	o_antigen	qc_messages	qc_status	serogroup	serovar	serovar_antigen	serovar_cgmlst
1874279888	0.024242424242424288	330	2017-SEQ-0832	322	enterica	/storage/group/evk5387/default/sophia_kenney/dogsalmonella/1.0-assemb/unicycler/contigs/SRR7299213_assembly.fasta	SRR7299213_assembly	g,m	-	1,9,12	INFO: Number of cgMLST330 loci found (n=330)	PASS	D1	Enteritidis	Nitra|Gallinarum|Pullorum|Berta|Enteritidis|Blegdam|Gueuletapee|Naestved|Rostock|Hillingdon	Enteritidis
cgmlst_ST	cgmlst_distance	cgmlst_found_loci	cgmlst_genome_match	cgmlst_matching_alleles	cgmlst_subspecies	fasta_filepath	genome	h1	h2	o_antigen	qc_messages	qc_status	serogroup	serovar	serovar_antigen	serovar_cgmlst
2875280882	0.015151515151515138	330	2017-MER-0639	325	enterica	/storage/group/evk5387/default/sophia_kenney/dogsalmonella/1.0-assemb/unicycler/contigs/SRR7299223_assembly.fasta	SRR7299223_assembly	r	1,5	6,7,14	INFO: Number of cgMLST330 loci found (n=330)	PASS	C1	Infantis	Virchow|Infantis|Senegal	Infantis
cgmlst_ST	cgmlst_distance	cgmlst_found_loci	cgmlst_genome_match	cgmlst_matching_alleles	cgmlst_subspecies	fasta_filepath	genome	h1	h2	o_antigen	qc_messages	qc_status	serogroup	serovar	serovar_antigen	serovar_cgmlst
1432559802	0.015151515151515138	330	2016-SEQ-0346	325	enterica	/storage/group/evk5387/default/sophia_kenney/dogsalmonella/1.0-assemb/unicycler/contigs/SRR7299273_assembly.fasta	SRR7299273_assembly	g,m	-	1,9,12	INFO: Number of cgMLST330 loci found (n=330)	PASS	D1	Enteritidis	Nitra|Gallinarum|Pullorum|Berta|Enteritidis|Blegdam|Gueuletapee|Naestved|Rostock|Hillingdon	Enteritidis
cgmlst_ST	cgmlst_distance	cgmlst_found_loci	cgmlst_genome_match	cgmlst_matching_alleles	cgmlst_subspecies	fasta_filepath	genome	h1	h2	o_antigen	qc_messages	qc_status	serogroup	serovar	serovar_antigen	serovar_cgmlst
2337047466	0.024242424242424288	330	2018-SEQ-0300	322	enterica	/storage/group/evk5387/default/sophia_kenney/dogsalmonella/1.0-assemb/unicycler/contigs/SRR7299294_assembly.fasta	SRR7299294_assembly	g,m	-	1,9,12	INFO: Number of cgMLST330 loci found (n=330)	PASS	D1	Enteritidis	Nitra|Gallinarum|Pullorum|Berta|Enteritidis|Blegdam|Gueuletapee|Naestved|Rostock|Hillingdon	Enteritidis
cgmlst_ST	cgmlst_distance	cgmlst_found_loci	cgmlst_genome_match	cgmlst_matching_alleles	cgmlst_subspecies	fasta_filepath	genome	h1	h2	o_antigen	qc_messages	qc_status	serogroup	serovar	serovar_antigen	serovar_cgmlst
3425915710	0.039393939393939426	330	17-3994	317	enterica	/storage/group/evk5387/default/sophia_kenney/dogsalmonella/1.0-assemb/unicycler/contigs/SRR7299295_assembly.fasta	SRR7299295_assembly	e,h	1,2	6,8,20	INFO: Number of cgMLST330 loci found (n=330)	PASS	C2-C3	Newport	Newport|Bardo|Ferruch|Kottbus	Newport
cgmlst_ST	cgmlst_distance	cgmlst_found_loci	cgmlst_genome_match	cgmlst_matching_alleles	cgmlst_subspecies	fasta_filepath	genome	h1	h2	o_antigen	qc_messages	qc_status	serogroup	serovar	serovar_antigen	serovar_cgmlst
258354041	0.024242424242424288	330	2017-GTA-0265	322	enterica	/storage/group/evk5387/default/sophia_kenney/dogsalmonella/1.0-assemb/unicycler/contigs/SRR7299302_assembly.fasta	SRR7299302_assembly	g,m	-	1,9,12	INFO: Number of cgMLST330 loci found (n=330)	PASS	D1	Enteritidis	Nitra|Gallinarum|Pullorum|Berta|Enteritidis|Blegdam|Gueuletapee|Naestved|Rostock|Hillingdon	Enteritidis
cgmlst_ST	cgmlst_distance	cgmlst_found_loci	cgmlst_genome_match	cgmlst_matching_alleles	cgmlst_subspecies	fasta_filepath	genome	h1	h2	o_antigen	qc_messages	qc_status	serogroup	serovar	serovar_antigen	serovar_cgmlst
3222293382	0.021212121212121238	330	2018-SEQ-0604	323	enterica	/storage/group/evk5387/default/sophia_kenney/dogsalmonella/1.0-assemb/unicycler/contigs/SRR7299343_assembly.fasta	SRR7299343_assembly	i	1,2	1,4,[5],12	INFO: Number of cgMLST330 loci found (n=330)	PASS	B	Typhimurium	Typhimurium|Lagos	Typhimurium
cgmlst_ST	cgmlst_distance	cgmlst_found_loci	cgmlst_genome_match	cgmlst_matching_alleles	cgmlst_subspecies	fasta_filepath	genome	h1	h2	o_antigen	qc_messages	qc_status	serogroup	serovar	serovar_antigen	serovar_cgmlst
3251844706	0.018181818181818188	330	2018-SEQ-0604	324	enterica	/storage/group/evk5387/default/sophia_kenney/dogsalmonella/1.0-assemb/unicycler/contigs/SRR7299347_assembly.fasta	SRR7299347_assembly	i	1,2	1,4,[5],12	INFO: Number of cgMLST330 loci found (n=330)	PASS	B	Typhimurium	Typhimurium|Lagos	Typhimurium
cgmlst_ST	cgmlst_distance	cgmlst_found_loci	cgmlst_genome_match	cgmlst_matching_alleles	cgmlst_subspecies	fasta_filepath	genome	h1	h2	o_antigen	qc_messages	qc_status	serogroup	serovar	serovar_antigen	serovar_cgmlst
1744703036	0.012121212121212088	330	SRR1958619	326	enterica	/storage/group/evk5387/default/sophia_kenney/dogsalmonella/1.0-assemb/unicycler/contigs/SRR7299350_assembly.fasta	SRR7299350_assembly	m,t	-	6,7,14	INFO: Number of cgMLST330 loci found (n=330)	PASS	C1	Oranienburg	Othmarschen|Haelsingborg|Oranienburg|Moers	Oranienburg
cgmlst_ST	cgmlst_distance	cgmlst_found_loci	cgmlst_genome_match	cgmlst_matching_alleles	cgmlst_subspecies	fasta_filepath	genome	h1	h2	o_antigen	qc_messages	qc_status	serogroup	serovar	serovar_antigen	serovar_cgmlst
3610171791	0.015151515151515138	330	SRR1969831	325	enterica	/storage/group/evk5387/default/sophia_kenney/dogsalmonella/1.0-assemb/unicycler/contigs/SRR7299351_assembly.fasta	SRR7299351_assembly	r	1,5	6,7,14	INFO: Number of cgMLST330 loci found (n=330)	PASS	C1	Infantis	Virchow|Infantis|Senegal	Infantis
cgmlst_ST	cgmlst_distance	cgmlst_found_loci	cgmlst_genome_match	cgmlst_matching_alleles	cgmlst_subspecies	fasta_filepath	genome	h1	h2	o_antigen	qc_messages	qc_status	serogroup	serovar	serovar_antigen	serovar_cgmlst
934727540	0.012121212121212088	330	2016-SEQ-0346	326	enterica	/storage/group/evk5387/default/sophia_kenney/dogsalmonella/1.0-assemb/unicycler/contigs/SRR7299354_assembly.fasta	SRR7299354_assembly	g,m	-	1,9,12	INFO: Number of cgMLST330 loci found (n=330)	PASS	D1	Enteritidis	Nitra|Gallinarum|Pullorum|Berta|Enteritidis|Blegdam|Gueuletapee|Naestved|Rostock|Hillingdon	Enteritidis
cgmlst_ST	cgmlst_distance	cgmlst_found_loci	cgmlst_genome_match	cgmlst_matching_alleles	cgmlst_subspecies	fasta_filepath	genome	h1	h2	o_antigen	qc_messages	qc_status	serogroup	serovar	serovar_antigen	serovar_cgmlst
1273848646	0.036363636363636376	330	SRR4040084	318	enterica	/storage/group/evk5387/default/sophia_kenney/dogsalmonella/1.0-assemb/unicycler/contigs/SRR7299367_assembly.fasta	SRR7299367_assembly	e,h	1,2	6,8,20	INFO: Number of cgMLST330 loci found (n=330)	PASS	C2-C3	Newport	Newport|Bardo|Ferruch|Kottbus	Newport
cgmlst_ST	cgmlst_distance	cgmlst_found_loci	cgmlst_genome_match	cgmlst_matching_alleles	cgmlst_subspecies	fasta_filepath	genome	h1	h2	o_antigen	qc_messages	qc_status	serogroup	serovar	serovar_antigen	serovar_cgmlst
934727540	0.012121212121212088	330	2016-SEQ-0346	326	enterica	/storage/group/evk5387/default/sophia_kenney/dogsalmonella/1.0-assemb/unicycler/contigs/SRR7299369_assembly.fasta	SRR7299369_assembly	g,m	-	1,9,12	INFO: Number of cgMLST330 loci found (n=330)	PASS	D1	Enteritidis	Nitra|Gallinarum|Pullorum|Berta|Enteritidis|Blegdam|Gueuletapee|Naestved|Rostock|Hillingdon	Enteritidis
cgmlst_ST	cgmlst_distance	cgmlst_found_loci	cgmlst_genome_match	cgmlst_matching_alleles	cgmlst_subspecies	fasta_filepath	genome	h1	h2	o_antigen	qc_messages	qc_status	serogroup	serovar	serovar_antigen	serovar_cgmlst
224997523	0.024242424242424288	330	2017-SEQ-0795	322	enterica	/storage/group/evk5387/default/sophia_kenney/dogsalmonella/1.0-assemb/unicycler/contigs/SRR7299372_assembly.fasta	SRR7299372_assembly	g,m	-	1,9,12	INFO: Number of cgMLST330 loci found (n=330)	PASS	D1	Enteritidis	Nitra|Gallinarum|Pullorum|Berta|Enteritidis|Blegdam|Gueuletapee|Naestved|Rostock|Hillingdon	Enteritidis
cgmlst_ST	cgmlst_distance	cgmlst_found_loci	cgmlst_genome_match	cgmlst_matching_alleles	cgmlst_subspecies	fasta_filepath	genome	h1	h2	o_antigen	qc_messages	qc_status	serogroup	serovar	serovar_antigen	serovar_cgmlst
3644985298	0.024242424242424288	330	2017-CAL-0460	322	enterica	/storage/group/evk5387/default/sophia_kenney/dogsalmonella/1.0-assemb/unicycler/contigs/SRR7299374_assembly.fasta	SRR7299374_assembly	g,m	-	1,9,12	INFO: Number of cgMLST330 loci found (n=330)	PASS	D1	Enteritidis	Nitra|Gallinarum|Pullorum|Berta|Enteritidis|Blegdam|Gueuletapee|Naestved|Rostock|Hillingdon	Enteritidis
cgmlst_ST	cgmlst_distance	cgmlst_found_loci	cgmlst_genome_match	cgmlst_matching_alleles	cgmlst_subspecies	fasta_filepath	genome	h1	h2	o_antigen	qc_messages	qc_status	serogroup	serovar	serovar_antigen	serovar_cgmlst
	0.033333333333333326	329	SRR3295633	319	enterica	/storage/group/evk5387/default/sophia_kenney/dogsalmonella/1.0-assemb/unicycler/contigs/SRR7345613_assembly.fasta	SRR7345613_assembly	i	-	1,4,[5],12	INFO: Number of cgMLST330 loci found (n=329)	PASS	B	I 1,4,[5],12:i:-	I 1,4,[5],12:i:-	Typhimurium
cgmlst_ST	cgmlst_distance	cgmlst_found_loci	cgmlst_genome_match	cgmlst_matching_alleles	cgmlst_subspecies	fasta_filepath	genome	h1	h2	o_antigen	qc_messages	qc_status	serogroup	serovar	serovar_antigen	serovar_cgmlst
130016418	0.012121212121212088	330	2017-SEQ-0795	326	enterica	/storage/group/evk5387/default/sophia_kenney/dogsalmonella/1.0-assemb/unicycler/contigs/SRR7370082_assembly.fasta	SRR7370082_assembly	g,m	-	1,9,12	INFO: Number of cgMLST330 loci found (n=330)	PASS	D1	Enteritidis	Nitra|Gallinarum|Pullorum|Berta|Enteritidis|Blegdam|Gueuletapee|Naestved|Rostock|Hillingdon	Enteritidis
cgmlst_ST	cgmlst_distance	cgmlst_found_loci	cgmlst_genome_match	cgmlst_matching_alleles	cgmlst_subspecies	fasta_filepath	genome	h1	h2	o_antigen	qc_messages	qc_status	serogroup	serovar	serovar_antigen	serovar_cgmlst
829412280	0.033333333333333326	330	SRR1346298	319	enterica	/storage/group/evk5387/default/sophia_kenney/dogsalmonella/1.0-assemb/unicycler/contigs/SRR7401068_assembly.fasta	SRR7401068_assembly	i	1,2	1,4,[5],12	INFO: Number of cgMLST330 loci found (n=330)	PASS	B	Typhimurium	Typhimurium|Lagos	Typhimurium
cgmlst_ST	cgmlst_distance	cgmlst_found_loci	cgmlst_genome_match	cgmlst_matching_alleles	cgmlst_subspecies	fasta_filepath	genome	h1	h2	o_antigen	qc_messages	qc_status	serogroup	serovar	serovar_antigen	serovar_cgmlst
934727540	0.012121212121212088	330	2016-SEQ-0346	326	enterica	/storage/group/evk5387/default/sophia_kenney/dogsalmonella/1.0-assemb/unicycler/contigs/SRR7643086_assembly.fasta	SRR7643086_assembly	g,m	-	1,9,12	INFO: Number of cgMLST330 loci found (n=330)	PASS	D1	Enteritidis	Nitra|Gallinarum|Pullorum|Berta|Enteritidis|Blegdam|Gueuletapee|Naestved|Rostock|Hillingdon	Enteritidis
cgmlst_ST	cgmlst_distance	cgmlst_found_loci	cgmlst_genome_match	cgmlst_matching_alleles	cgmlst_subspecies	fasta_filepath	genome	h1	h2	o_antigen	qc_messages	qc_status	serogroup	serovar	serovar_antigen	serovar_cgmlst
297626710	0.033333333333333326	330	SRR3184628	319	enterica	/storage/group/evk5387/default/sophia_kenney/dogsalmonella/1.0-assemb/unicycler/contigs/SRR7643316_assembly.fasta	SRR7643316_assembly	i	1,2	1,4,[5],12	INFO: Number of cgMLST330 loci found (n=330)	PASS	B	Typhimurium	Typhimurium|Lagos	Typhimurium
cgmlst_ST	cgmlst_distance	cgmlst_found_loci	cgmlst_genome_match	cgmlst_matching_alleles	cgmlst_subspecies	fasta_filepath	genome	h1	h2	o_antigen	qc_messages	qc_status	serogroup	serovar	serovar_antigen	serovar_cgmlst
759559660	0.027272727272727226	330	SRR1965841	321	enterica	/storage/group/evk5387/default/sophia_kenney/dogsalmonella/1.0-assemb/unicycler/contigs/SRR8258218_assembly.fasta	SRR8258218_assembly	e,h	-	-	INFO: Number of cgMLST330 loci found (n=330)	PASS	B	I B:e,h:-	I B:e,h:-	Sandiego
cgmlst_ST	cgmlst_distance	cgmlst_found_loci	cgmlst_genome_match	cgmlst_matching_alleles	cgmlst_subspecies	fasta_filepath	genome	h1	h2	o_antigen	qc_messages	qc_status	serogroup	serovar	serovar_antigen	serovar_cgmlst
1003195655	0.018181818181818188	330	SRR1505054	324	enterica	/storage/group/evk5387/default/sophia_kenney/dogsalmonella/1.0-assemb/unicycler/contigs/SRR8360137_assembly.fasta	SRR8360137_assembly	e,h	1,2	6,8,20	INFO: Number of cgMLST330 loci found (n=330)	PASS	C2-C3	Newport	Newport|Bardo|Ferruch|Kottbus	Newport
cgmlst_ST	cgmlst_distance	cgmlst_found_loci	cgmlst_genome_match	cgmlst_matching_alleles	cgmlst_subspecies	fasta_filepath	genome	h1	h2	o_antigen	qc_messages	qc_status	serogroup	serovar	serovar_antigen	serovar_cgmlst
3155524374	0.024242424242424288	330	SRR4342960	322	enterica	/storage/group/evk5387/default/sophia_kenney/dogsalmonella/1.0-assemb/unicycler/contigs/SRR8502790_assembly.fasta	SRR8502790_assembly	y	-	-	INFO: Number of cgMLST330 loci found (n=330)	PASS	C1	I C1:y:-	I C1:y:-	Hartford
cgmlst_ST	cgmlst_distance	cgmlst_found_loci	cgmlst_genome_match	cgmlst_matching_alleles	cgmlst_subspecies	fasta_filepath	genome	h1	h2	o_antigen	qc_messages	qc_status	serogroup	serovar	serovar_antigen	serovar_cgmlst
521394513	0.021212121212121238	330	2015-SEQ-0618	323	enterica	/storage/group/evk5387/default/sophia_kenney/dogsalmonella/1.0-assemb/unicycler/contigs/SRR8502829_assembly.fasta	SRR8502829_assembly	i	1,2	1,4,[5],12	INFO: Number of cgMLST330 loci found (n=330)	PASS	B	Typhimurium	Typhimurium|Lagos	Typhimurium
cgmlst_ST	cgmlst_distance	cgmlst_found_loci	cgmlst_genome_match	cgmlst_matching_alleles	cgmlst_subspecies	fasta_filepath	genome	h1	h2	o_antigen	qc_messages	qc_status	serogroup	serovar	serovar_antigen	serovar_cgmlst
3115804304	0.024242424242424288	330	2017-MER-0639	322	enterica	/storage/group/evk5387/default/sophia_kenney/dogsalmonella/1.0-assemb/unicycler/contigs/SRR8728104_assembly.fasta	SRR8728104_assembly	r	1,5	6,7,14	INFO: Number of cgMLST330 loci found (n=330)	PASS	C1	Infantis	Virchow|Infantis|Senegal	Infantis
cgmlst_ST	cgmlst_distance	cgmlst_found_loci	cgmlst_genome_match	cgmlst_matching_alleles	cgmlst_subspecies	fasta_filepath	genome	h1	h2	o_antigen	qc_messages	qc_status	serogroup	serovar	serovar_antigen	serovar_cgmlst
2027788367	0.012121212121212088	330	SRR2913301	326	enterica	/storage/group/evk5387/default/sophia_kenney/dogsalmonella/1.0-assemb/unicycler/contigs/SRR9016864_assembly.fasta	SRR9016864_assembly	e,h	1,2	6,8,20	INFO: Number of cgMLST330 loci found (n=330)	PASS	C2-C3	Newport	Newport|Bardo|Ferruch|Kottbus	Newport
cgmlst_ST	cgmlst_distance	cgmlst_found_loci	cgmlst_genome_match	cgmlst_matching_alleles	cgmlst_subspecies	fasta_filepath	genome	h1	h2	o_antigen	qc_messages	qc_status	serogroup	serovar	serovar_antigen	serovar_cgmlst
5435180	0.018181818181818188	330	2017-MER-0343	324	enterica	/storage/group/evk5387/default/sophia_kenney/dogsalmonella/1.0-assemb/unicycler/contigs/SRR9016866_assembly.fasta	SRR9016866_assembly	r	1,2	1,4,[5],12	INFO: Number of cgMLST330 loci found (n=330)	PASS	B	Heidelberg	Heidelberg|Bradford	Heidelberg
cgmlst_ST	cgmlst_distance	cgmlst_found_loci	cgmlst_genome_match	cgmlst_matching_alleles	cgmlst_subspecies	fasta_filepath	genome	h1	h2	o_antigen	qc_messages	qc_status	serogroup	serovar	serovar_antigen	serovar_cgmlst
1684891812	0.024242424242424288	330	SRR3747665	322	enterica	/storage/group/evk5387/default/sophia_kenney/dogsalmonella/1.0-assemb/unicycler/contigs/SRR9050356_assembly.fasta	SRR9050356_assembly	i	1,2	1,4,[5],12	INFO: Number of cgMLST330 loci found (n=330)	PASS	B	Typhimurium	Typhimurium|Lagos	Typhimurium
cgmlst_ST	cgmlst_distance	cgmlst_found_loci	cgmlst_genome_match	cgmlst_matching_alleles	cgmlst_subspecies	fasta_filepath	genome	h1	h2	o_antigen	qc_messages	qc_status	serogroup	serovar	serovar_antigen	serovar_cgmlst
	0.024242424242424288	329	2018-SEQ-0501	322	enterica	/storage/group/evk5387/default/sophia_kenney/dogsalmonella/1.0-assemb/unicycler/contigs/SRR9301052_assembly.fasta	SRR9301052_assembly	g,p	-	1,9,12[Vi]	INFO: Number of cgMLST330 loci found (n=329)	PASS	D1	Dublin	Kiel|Dublin	Dublin
